商品编码,日期,商品名称,销售数量,销售金额,销售净额,折扣金额,售价,是否促销,平均售价,实际折扣率,星期,月份,是否周末,是否月末,季度,年份,日期序号,销量_滞后1天,销量_滞后3天,销量_滞后7天,销量_滞后14天,销量_滞后30天,销量_7天均值,销量_7天标准差,销量_7天最大值,销量_7天最小值,销量_14天均值,销量_14天标准差,销量_14天最大值,销量_14天最小值,销量_30天均值,销量_30天标准差,销量_30天最大值,销量_30天最小值,销量_7天趋势,销量_同比上周,温度,最高温度,最低温度,降雨量,温度差,是否恶劣天气,是否节假日,节假日前1天,节假日后1天,节假日连续天数,促销_周末交互,促销_月末交互,天气_促销交互,温度等级_编码,节假日类型_编码
4701098,2025-01-01,福荫韧豆腐380g,2.0,9.98,8.831858408,0.0,5.99,0.0,4.99,1.0,2,1,0,0,1,2025,0,0.0,0.0,0.0,0.0,0.0,2.0,0.0,2.0,2.0,2.0,0.0,2.0,2.0,2.0,0.0,2.0,2.0,0.0,0.0,19.0,21,17,0,4,0,1,0.0,0.0,1,0.0,0.0,0.0,0,0
4701098,2025-01-02,福荫韧豆腐380g,0.0,0.0,,,5.990000000000002,0.0,,0.0,3,1,0,0,1,2025,1,2.0,0.0,0.0,0.0,0.0,1.0,1.4142135623730951,2.0,0.0,1.0,1.4142135623730951,2.0,0.0,1.0,1.4142135623730951,2.0,0.0,0.0,0.0,17.5,22,13,0,9,0,0,1.0,0.0,0,0.0,0.0,0.0,0,1
4701098,2025-01-03,福荫韧豆腐380g,2.0,9.98,8.831858408,0.0,5.99,0.0,4.99,1.0,4,1,0,0,1,2025,2,0.0,0.0,0.0,0.0,0.0,1.3333333333333333,1.1547005383792517,2.0,0.0,1.3333333333333333,1.1547005383792517,2.0,0.0,1.3333333333333333,1.1547005383792517,2.0,0.0,0.0,0.0,17.0,23,11,0,12,0,0,0.0,1.0,0,0.0,0.0,0.0,0,1
4701098,2025-01-04,福荫韧豆腐380g,7.0,34.93,30.911504428,0.0,5.99,0.0,4.99,1.0,5,1,1,0,1,2025,3,2.0,2.0,0.0,0.0,0.0,2.75,2.9860788111948198,7.0,0.0,2.75,2.9860788111948198,7.0,0.0,2.75,2.9860788111948198,7.0,0.0,0.0,0.0,18.0,22,14,0,8,0,1,0.0,1.0,2,7.0,0.0,0.0,0,0
4701098,2025-01-05,福荫韧豆腐380g,3.0,14.97,13.247787612,0.0,5.989999999999999,0.0,4.99,1.0,6,1,1,0,1,2025,4,7.0,0.0,0.0,0.0,0.0,2.8,2.5884358211089573,7.0,0.0,2.8,2.5884358211089573,7.0,0.0,2.8,2.5884358211089573,7.0,0.0,0.0,0.0,18.0,23,13,0,10,0,1,1.0,0.0,2,3.0,0.0,0.0,0,0
4701098,2025-01-06,福荫韧豆腐380g,2.0,9.98,8.831858408,0.0,5.99,0.0,4.99,1.0,0,1,0,0,1,2025,5,3.0,2.0,0.0,0.0,0.0,2.6666666666666665,2.3380903889000244,7.0,0.0,2.6666666666666665,2.3380903889000244,7.0,0.0,2.6666666666666665,2.3380903889000244,7.0,0.0,0.0,0.0,18.0,23,13,0,10,0,0,1.0,0.0,0,0.0,0.0,0.0,0,1
4701098,2025-01-07,福荫韧豆腐380g,1.0,4.99,4.415929204,0.0,5.99,0.0,4.99,1.0,1,1,0,0,1,2025,6,2.0,7.0,0.0,0.0,0.0,2.4285714285714284,2.2253945610567474,7.0,0.0,2.4285714285714284,2.2253945610567474,7.0,0.0,2.4285714285714284,2.2253945610567474,7.0,0.0,0.0,0.0,18.0,22,14,0,8,0,0,0.0,0.0,0,0.0,0.0,0.0,0,1
4701098,2025-01-08,福荫韧豆腐380g,2.0,9.98,8.831858408,0.0,5.99,0.0,4.99,1.0,2,1,0,0,1,2025,7,1.0,3.0,2.0,0.0,0.0,2.4285714285714284,2.2253945610567474,7.0,0.0,2.375,2.065879266282796,7.0,0.0,2.375,2.065879266282796,7.0,0.0,0.2142857142857142,2.0,18.0,22,14,0,8,0,0,0.0,0.0,0,0.0,0.0,0.0,0,1
4701098,2025-01-09,福荫韧豆腐380g,3.0,14.97,13.247787612,0.0,5.989999999999999,0.0,4.99,1.0,3,1,0,0,1,2025,8,2.0,2.0,0.0,0.0,0.0,2.857142857142857,1.9518001458970666,7.0,1.0,2.4444444444444446,1.9436506316151,7.0,0.0,2.4444444444444446,1.9436506316151,7.0,0.0,1.8571428571428572,0.0,15.5,21,10,0,11,0,0,0.0,0.0,0,0.0,0.0,0.0,0,1
4701098,2025-01-10,福荫韧豆腐380g,3.0,14.97,13.247787612,0.0,5.989999999999999,0.0,4.99,1.0,4,1,0,0,1,2025,9,3.0,1.0,2.0,0.0,0.0,3.0,1.9148542155126764,7.0,1.0,2.5,1.8408935028645435,7.0,0.0,2.5,1.8408935028645435,7.0,0.0,1.25,2.0,13.5,18,9,0,9,0,0,0.0,1.0,0,0.0,0.0,0.0,0,1
4701098,2025-01-11,福荫韧豆腐380g,4.0,19.96,17.663716816,0.0,5.99,0.0,4.99,1.0,5,1,1,0,1,2025,10,3.0,2.0,7.0,0.0,0.0,2.5714285714285716,0.9759000729485334,4.0,1.0,2.6363636363636362,1.8040358795061298,7.0,0.0,2.6363636363636362,1.8040358795061298,7.0,0.0,-0.06493506493506485,7.0,12.5,17,8,0,9,0,1,0.0,1.0,2,4.0,0.0,0.0,0,0
4701098,2025-01-12,福荫韧豆腐380g,8.0,39.92,35.327433631000005,0.0,5.99,0.0,4.99,1.0,6,1,1,0,1,2025,11,4.0,3.0,3.0,0.0,0.0,3.2857142857142856,2.2886885410853175,8.0,1.0,3.0833333333333335,2.314316444667973,8.0,0.0,3.0833333333333335,2.314316444667973,8.0,0.0,0.17346938775510212,3.0,14.5,20,9,0,11,0,1,1.0,0.0,2,8.0,0.0,0.0,0,0
4701098,2025-01-13,福荫韧豆腐380g,2.0,9.98,8.831858408,0.0,5.99,0.0,4.99,1.0,0,1,0,0,1,2025,12,8.0,3.0,2.0,0.0,0.0,3.2857142857142856,2.2886885410853175,8.0,1.0,3.0,2.23606797749979,8.0,0.0,3.0,2.23606797749979,8.0,0.0,0.2321428571428572,2.0,16.5,19,14,0,5,0,0,1.0,0.0,0,0.0,0.0,0.0,0,1
4701098,2025-01-14,福荫韧豆腐380g,1.0,4.99,4.415929204,0.0,5.99,0.0,4.99,1.0,1,1,0,0,1,2025,13,2.0,4.0,1.0,0.0,0.0,3.2857142857142856,2.2886885410853175,8.0,1.0,2.857142857142857,2.2138425646596693,8.0,0.0,2.857142857142857,2.2138425646596693,8.0,0.0,0.3529411764705883,1.0,17.0,20,14,0,6,0,0,0.0,0.0,0,0.0,0.0,0.0,0,1
4701098,2025-01-15,福荫韧豆腐380g,3.0,14.97,13.247787612,0.0,5.989999999999999,0.0,4.99,1.0,2,1,0,0,1,2025,14,1.0,8.0,2.0,2.0,0.0,3.4285714285714284,2.225394561056748,8.0,1.0,2.9285714285714284,2.2001498450467736,8.0,0.0,2.8666666666666667,2.133630931623591,8.0,0.0,0.41176470588235303,2.0,16.0,22,10,0,12,0,0,0.0,0.0,0,0.0,0.0,0.0,0,1
4701098,2025-01-16,福荫韧豆腐380g,2.0,9.98,8.831858408,0.0,5.99,0.0,4.99,1.0,3,1,0,0,1,2025,15,3.0,2.0,3.0,0.0,0.0,3.2857142857142856,2.2886885410853175,8.0,1.0,3.0714285714285716,2.05554730553075,8.0,1.0,2.8125,2.0726392192886185,8.0,0.0,0.1499999999999999,3.0,15.5,20,11,0,9,0,0,0.0,0.0,0,0.0,0.0,0.0,0,1
4701098,2025-01-17,福荫韧豆腐380g,1.0,4.99,4.415929204,0.0,5.99,0.0,4.99,1.0,4,1,0,0,1,2025,16,2.0,1.0,3.0,2.0,0.0,3.0,2.4494897427831783,8.0,1.0,3.0,2.1122354181147664,8.0,1.0,2.7058823529411766,2.0544070276588617,8.0,0.0,0.0,3.0,15.5,20,11,0,9,0,0,0.0,1.0,0,0.0,0.0,0.0,0,1
4701098,2025-01-18,福荫韧豆腐380g,2.0,9.98,7.061946902,2.0,5.99,1.0,3.99,0.7995991983967936,5,1,1,0,1,2025,17,1.0,3.0,4.0,7.0,0.0,2.7142857142857144,2.429971585175824,8.0,1.0,2.642857142857143,1.7805419597217222,8.0,1.0,2.6666666666666665,2.0,8.0,0.0,0.05555555555555558,4.0,16.0,21,11,0,10,0,1,0.0,1.0,2,2.50125313283208,0.0,0.0,0,0
4701098,2025-01-19,福荫韧豆腐380g,4.0,19.96,14.123893804,4.0,5.99,1.0,3.99,0.7995991983967936,6,1,1,0,1,2025,18,2.0,2.0,8.0,3.0,0.0,2.142857142857143,1.0690449676496978,4.0,1.0,2.7142857142857144,1.8156825980064075,8.0,1.0,2.736842105263158,1.967573385985836,8.0,0.0,-0.34782608695652173,8.0,17.5,23,12,0,11,0,1,1.0,0.0,2,5.00250626566416,0.0,0.0,0,0
4701098,2025-01-20,福荫韧豆腐380g,2.0,9.98,7.061946902,2.0,5.99,1.0,3.99,0.7995991983967936,0,1,0,0,1,2025,19,4.0,1.0,2.0,2.0,0.0,2.142857142857143,1.0690449676496978,4.0,1.0,2.7142857142857144,1.8156825980064075,8.0,1.0,2.7,1.9221698265515625,8.0,0.0,-0.34782608695652173,2.0,18.5,23,14,0,9,0,0,1.0,0.0,0,0.0,0.0,0.0,0,1
4701098,2025-01-21,福荫韧豆腐380g,4.0,19.96,17.663716816,0.0,5.99,0.0,4.99,1.0,1,1,0,0,1,2025,20,2.0,2.0,1.0,1.0,0.0,2.5714285714285716,1.133893419027682,4.0,1.0,2.9285714285714284,1.7743595036946853,8.0,1.0,2.761904761904762,1.894855189843327,8.0,0.0,-0.21739130434782605,1.0,19.5,24,15,0,9,0,0,0.0,0.0,0,0.0,0.0,0.0,0,1
4701098,2025-01-22,福荫韧豆腐380g,0.0,0.0,,,5.990000000000002,0.0,,0.0,2,1,0,0,1,2025,21,4.0,4.0,3.0,2.0,0.0,2.142857142857143,1.4638501094227998,4.0,0.0,2.7857142857142856,1.928673175989188,8.0,0.0,2.6363636363636362,1.9406786870148718,8.0,0.0,-0.375,3.0,18.0,20,16,0,4,0,0,0.0,0.0,0,0.0,0.0,0.0,0,1
4701098,2025-01-23,福荫韧豆腐380g,1.0,4.99,4.415929204,0.0,5.99,0.0,4.99,1.0,3,1,0,0,1,2025,22,0.0,2.0,2.0,3.0,0.0,2.0,1.5275252316519468,4.0,0.0,2.642857142857143,1.984832597364433,8.0,0.0,2.5652173913043477,1.9265156242794623,8.0,0.0,-0.3913043478260869,2.0,20.0,23,17,0,6,0,0,0.0,0.0,0,0.0,0.0,0.0,0,1
4701098,2025-01-24,福荫韧豆腐380g,0.0,0.0,,,5.990000000000002,0.0,,0.0,4,1,0,0,1,2025,23,1.0,4.0,1.0,3.0,0.0,1.8571428571428572,1.6761634196950517,4.0,0.0,2.4285714285714284,2.1018045621756603,8.0,0.0,2.4583333333333335,1.9555754555421383,8.0,0.0,-0.38095238095238093,1.0,19.5,23,16,0,7,0,0,0.0,1.0,0,0.0,0.0,0.0,0,1
4701098,2025-01-25,福荫韧豆腐380g,2.0,9.98,8.831858408,0.0,5.99,0.0,4.99,1.0,5,1,1,1,1,2025,24,0.0,0.0,2.0,4.0,0.0,1.8571428571428572,1.6761634196950517,4.0,0.0,2.2857142857142856,2.0542103640523823,8.0,0.0,2.44,1.9165942015286737,8.0,0.0,-0.3157894736842105,2.0,19.0,23,15,0,8,0,1,0.0,0.0,1,2.0,2.0,0.0,0,0
4701098,2025-01-26,福荫韧豆腐380g,2.0,9.98,8.831858408,0.0,5.99,0.0,4.99,1.0,6,1,1,1,1,2025,25,2.0,1.0,4.0,8.0,0.0,1.5714285714285714,1.3972762620115438,4.0,0.0,1.8571428571428572,1.231455852429765,4.0,0.0,2.423076923076923,1.879852694720029,8.0,0.0,-0.2666666666666666,4.0,11.5,15,8,0,7,0,0,1.0,0.0,0,2.0,2.0,0.0,0,1
4701098,2025-01-27,福荫韧豆腐380g,5.0,24.950000000000003,22.079646020000002,0.0,5.99,0.0,4.99,1.0,0,1,0,1,1,2025,26,2.0,0.0,2.0,2.0,0.0,2.0,1.9148542155126762,5.0,0.0,2.0714285714285716,1.4917354742965416,5.0,0.0,2.5185185185185186,1.90889356536048,8.0,0.0,-0.06666666666666665,2.0,12.0,16,8,0,8,0,0,0.0,1.0,0,0.0,5.0,0.0,0,1
4701098,2025-01-28,福荫韧豆腐380g,3.0,14.97,13.247787612,0.0,5.989999999999999,0.0,4.99,1.0,1,1,0,1,1,2025,27,5.0,2.0,4.0,1.0,0.0,1.8571428571428572,1.7728105208558367,5.0,0.0,2.2142857142857144,1.4769288003552115,5.0,0.0,2.5357142857142856,1.8754188244751537,8.0,0.0,-0.2777777777777778,4.0,14.5,19,10,0,9,0,1,0.0,1.0,8,0.0,3.0,0.0,0,0
4701098,2025-01-29,福荫韧豆腐380g,0.0,0.0,,,5.990000000000002,0.0,,0.0,2,1,0,1,1,2025,28,3.0,2.0,0.0,3.0,0.0,1.8571428571428572,1.7728105208558367,5.0,0.0,2.0,1.5689290811054732,5.0,0.0,2.4482758620689653,1.9008683522566308,8.0,0.0,-0.1333333333333333,0.0,17.0,21,13,0,8,0,1,1.0,1.0,8,0.0,0.0,0.0,0,0
4701098,2025-01-30,福荫韧豆腐380g,0.0,0.0,,,5.990000000000002,0.0,,0.0,3,1,0,1,1,2025,29,0.0,5.0,1.0,2.0,0.0,1.7142857142857142,1.889822365046136,5.0,0.0,1.8571428571428572,1.6574838603294906,5.0,0.0,2.3666666666666667,1.920548293359591,8.0,0.0,-0.1428571428571429,1.0,17.0,20,14,0,6,0,1,1.0,1.0,8,0.0,0.0,0.0,0,0
4701098,2025-01-31,福荫韧豆腐380g,0.0,0.0,,,5.990000000000002,0.0,,0.0,4,1,0,1,1,2025,30,0.0,3.0,0.0,1.0,2.0,1.7142857142857142,1.889822365046136,5.0,0.0,1.7857142857142858,1.717716347523494,5.0,0.0,2.3,1.9678449616530893,8.0,0.0,-0.07692307692307698,0.0,20.0,23,17,0,6,0,1,1.0,1.0,8,0.0,0.0,0.0,0,0
4701098,2025-02-01,福荫韧豆腐380g,0.0,0.0,,,5.990000000000002,0.0,,0.0,5,2,1,0,1,2025,31,0.0,0.0,2.0,2.0,0.0,1.4285714285714286,1.9880595947760098,5.0,0.0,1.6428571428571428,1.780541959721723,5.0,0.0,2.3,1.9678449616530893,8.0,0.0,-0.23076923076923073,2.0,20.0,24,16,0,8,0,1,1.0,1.0,8,0.0,0.0,0.0,0,0
4701098,2025-02-02,福荫韧豆腐380g,0.0,0.0,,,5.990000000000002,0.0,,0.0,6,2,1,0,1,2025,32,0.0,0.0,2.0,4.0,2.0,1.1428571428571428,2.0354009783964293,5.0,0.0,1.3571428571428572,1.6919330254585627,5.0,0.0,2.2333333333333334,2.01174711054387,8.0,0.0,-0.2727272727272727,2.0,17.5,22,13,0,9,0,1,1.0,1.0,8,0.0,0.0,0.0,0,0
4701098,2025-02-03,福荫韧豆腐380g,0.0,0.0,,,5.990000000000002,0.0,,0.0,0,2,0,0,1,2025,33,0.0,0.0,5.0,2.0,7.0,0.42857142857142855,1.1338934190276808,3.0,0.0,1.2142857142857142,1.7177163475234942,5.0,0.0,2.0,1.8382900600361158,8.0,0.0,-0.7857142857142857,5.0,14.0,18,10,0,8,0,1,1.0,1.0,8,0.0,0.0,0.0,0,0
4701098,2025-02-04,福荫韧豆腐380g,5.0,24.950000000000003,22.079646020000002,0.0,5.99,0.0,4.99,1.0,1,2,0,0,1,2025,34,0.0,0.0,3.0,4.0,3.0,0.7142857142857143,1.8898223650461359,5.0,0.0,1.2857142857142858,1.8575654633281309,5.0,0.0,2.066666666666667,1.910647720707216,8.0,0.0,-0.6153846153846154,3.0,14.0,17,11,0,6,0,1,1.0,0.0,8,0.0,0.0,0.0,0,0
4701098,2025-02-05,福荫韧豆腐380g,3.0,14.97,13.247787612,0.0,5.989999999999999,0.0,4.99,1.0,2,2,0,0,1,2025,35,5.0,0.0,0.0,0.0,2.0,1.1428571428571428,2.0354009783964293,5.0,0.0,1.5,1.8708286933869713,5.0,0.0,2.1,1.9181528470973286,8.0,0.0,-0.3846153846153847,0.0,17.0,20,14,0,6,0,0,1.0,0.0,0,0.0,0.0,0.0,0,1
4701098,2025-02-06,福荫韧豆腐380g,6.0,29.94,26.495575224,0.0,5.989999999999999,0.0,4.99,1.0,3,2,0,0,1,2025,36,3.0,0.0,0.0,1.0,1.0,2.0,2.6457513110645907,6.0,0.0,1.8571428571428572,2.2138425646596698,6.0,0.0,2.2666666666666666,2.0330600909302543,8.0,0.0,0.16666666666666674,0.0,16.0,21,11,0,10,0,0,0.0,0.0,0,0.0,0.0,0.0,0,1
4701098,2025-02-07,福荫韧豆腐380g,0.0,0.0,,,5.990000000000002,0.0,,0.0,4,2,0,0,1,2025,37,6.0,5.0,0.0,0.0,2.0,2.0,2.6457513110645907,6.0,0.0,1.8571428571428572,2.2138425646596698,6.0,0.0,2.2,2.074475421850563,8.0,0.0,0.16666666666666674,0.0,12.0,16,8,0,8,0,0,0.0,0.0,0,0.0,0.0,0.0,0,1
4701098,2025-02-08,福荫韧豆腐380g,5.0,24.950000000000003,22.079646020000002,0.0,5.99,0.0,4.99,1.0,5,2,1,0,1,2025,38,0.0,3.0,0.0,2.0,3.0,2.7142857142857144,2.690370836538197,6.0,0.0,2.0714285714285716,2.3685206585314202,6.0,0.0,2.2666666666666666,2.132399220779639,8.0,0.0,0.9000000000000001,0.0,11.5,16,7,0,9,0,0,0.0,1.0,0,5.0,0.0,0.0,0,1
4701098,2025-02-09,福荫韧豆腐380g,3.0,14.97,13.247787612,0.0,5.989999999999999,0.0,4.99,1.0,6,2,1,0,1,2025,39,5.0,6.0,0.0,2.0,3.0,3.142857142857143,2.410295378065479,6.0,0.0,2.142857142857143,2.381245403214392,6.0,0.0,2.2666666666666666,2.132399220779639,8.0,0.0,1.75,0.0,13.0,16,10,0,6,0,1,0.0,0.0,1,3.0,0.0,0.0,0,0
4701098,2025-02-10,福荫韧豆腐380g,2.0,9.98,8.831858408,0.0,5.99,0.0,4.99,1.0,0,2,0,0,1,2025,40,3.0,0.0,0.0,5.0,4.0,3.4285714285714284,2.070196678027063,6.0,0.0,1.9285714285714286,2.2348390310054764,6.0,0.0,2.2,2.1074580210160367,8.0,0.0,7.0,0.0,17.0,20,14,0,6,0,0,1.0,0.0,0,0.0,0.0,0.0,0,1
4701098,2025-02-11,福荫韧豆腐380g,2.0,9.98,8.831858408,0.0,5.99,0.0,4.99,1.0,1,2,0,0,1,2025,41,2.0,5.0,5.0,3.0,8.0,3.0,2.0,6.0,0.0,1.8571428571428572,2.2138425646596698,6.0,0.0,2.0,1.8003831009940159,6.0,0.0,3.2,5.0,19.5,22,17,0,5,0,0,0.0,0.0,0,0.0,0.0,0.0,0,1
4701098,2025-02-12,福荫韧豆腐380g,5.0,24.950000000000003,22.079646019000002,0.0,5.99,0.0,4.99,1.0,2,2,0,0,1,2025,42,2.0,3.0,3.0,0.0,2.0,3.2857142857142856,2.138089935299395,6.0,0.0,2.2142857142857144,2.2930856412794007,6.0,0.0,2.1,1.881855284113215,6.0,0.0,1.875,3.0,17.5,21,14,0,7,0,0,0.0,0.0,0,0.0,0.0,0.0,0,1
4701098,2025-02-13,福荫韧豆腐380g,1.0,4.99,4.415929204,0.0,5.99,0.0,4.99,1.0,3,2,0,0,1,2025,43,5.0,2.0,6.0,0.0,1.0,2.5714285714285716,1.9023794624226837,5.0,0.0,2.2857142857142856,2.2336094083368723,6.0,0.0,2.1,1.881855284113215,6.0,0.0,0.2857142857142858,6.0,18.5,22,15,0,7,0,0,0.0,0.0,0,0.0,0.0,0.0,0,1
4701098,2025-02-14,福荫韧豆腐380g,1.0,4.99,4.415929204,0.0,5.99,0.0,4.99,1.0,4,2,0,0,1,2025,44,1.0,2.0,0.0,0.0,3.0,2.7142857142857144,1.7043362064926935,5.0,1.0,2.357142857142857,2.1699749327564155,6.0,0.0,2.033333333333333,1.8842968748696898,6.0,0.0,0.3571428571428572,0.0,19.0,22,16,0,6,0,0,0.0,1.0,0,0.0,0.0,0.0,0,1
4701098,2025-02-15,福荫韧豆腐380g,5.0,24.950000000000003,22.079646020000002,0.0,5.99,0.0,4.99,1.0,5,2,1,0,1,2025,45,1.0,5.0,5.0,0.0,2.0,2.7142857142857144,1.7043362064926935,5.0,1.0,2.7142857142857144,2.1636355241395635,6.0,0.0,2.1333333333333333,1.9605300714142444,6.0,0.0,0.0,5.0,20.0,24,16,0,8,0,1,0.0,1.0,2,5.0,0.0,0.0,0,0
4701098,2025-02-16,福荫韧豆腐380g,4.0,19.96,17.663716816,0.0,5.99,0.0,4.99,1.0,6,2,1,0,1,2025,46,5.0,1.0,3.0,0.0,1.0,2.857142857142857,1.772810520855837,5.0,1.0,3.0,2.038098661460273,6.0,0.0,2.2333333333333334,1.9771685315872425,6.0,0.0,-0.09090909090909083,3.0,21.5,27,16,0,11,0,1,1.0,0.0,2,4.0,0.0,0.0,1,0
4701098,2025-02-17,福荫韧豆腐380g,2.0,9.98,8.831858408,0.0,5.99,0.0,4.99,1.0,0,2,0,0,1,2025,47,4.0,1.0,2.0,0.0,2.0,2.857142857142857,1.772810520855837,5.0,1.0,3.142857142857143,1.8752289237539823,6.0,0.0,2.2333333333333334,1.9771685315872425,6.0,0.0,-0.16666666666666663,2.0,19.5,24,15,0,9,0,0,1.0,0.0,0,0.0,0.0,0.0,0,1
4701098,2025-02-18,福荫韧豆腐380g,3.0,14.97,13.247787612,0.0,5.989999999999999,0.0,4.99,1.0,1,2,0,0,1,2025,48,2.0,5.0,2.0,5.0,4.0,3.0,1.7320508075688776,5.0,1.0,3.0,1.797434068545835,6.0,0.0,2.2,1.9546584497482968,6.0,0.0,0.0,2.0,19.5,24,15,0,9,0,0,0.0,0.0,0,0.0,0.0,0.0,0,1
4701098,2025-02-19,福荫韧豆腐380g,0.0,0.0,,,5.990000000000002,0.0,,0.0,2,2,0,0,1,2025,49,3.0,4.0,5.0,3.0,2.0,2.2857142857142856,1.7994708216848745,5.0,0.0,2.7857142857142856,1.9681530361296542,6.0,0.0,2.1333333333333333,1.9953970019528195,6.0,0.0,-0.30434782608695654,5.0,19.0,22,16,0,6,0,0,0.0,0.0,0,0.0,0.0,0.0,0,1
4701098,2025-02-20,福荫韧豆腐380g,0.0,0.0,,,5.990000000000002,0.0,,0.0,3,2,0,0,1,2025,50,0.0,2.0,1.0,6.0,4.0,2.142857142857143,1.9518001458970662,5.0,0.0,2.357142857142857,1.8649455697209987,5.0,0.0,2.0,2.0000000000000004,6.0,0.0,-0.16666666666666674,1.0,20.0,24,16,0,8,0,0,0.0,0.0,0,0.0,0.0,0.0,0,1
4701098,2025-02-21,福荫韧豆腐380g,0.0,0.0,,,5.990000000000002,0.0,,0.0,4,2,0,0,1,2025,51,0.0,3.0,1.0,0.0,0.0,2.0,2.0816659994661326,5.0,0.0,2.357142857142857,1.8649455697209987,5.0,0.0,2.0,2.0000000000000004,6.0,0.0,-0.26315789473684215,1.0,18.0,22,14,0,8,0,0,0.0,1.0,0,0.0,0.0,0.0,0,1
4701098,2025-02-22,福荫韧豆腐380g,3.0,14.97,13.247787612,0.0,5.989999999999999,0.0,4.99,1.0,5,2,1,0,1,2025,52,0.0,0.0,5.0,5.0,1.0,1.7142857142857142,1.704336206492693,4.0,0.0,2.2142857142857144,1.717716347523494,5.0,0.0,2.066666666666667,1.9988502442280605,6.0,0.0,-0.368421052631579,5.0,16.5,19,14,0,5,0,1,0.0,1.0,2,3.0,0.0,0.0,0,0
4701098,2025-02-23,福荫韧豆腐380g,2.0,9.98,8.831858408,0.0,5.99,0.0,4.99,1.0,6,2,1,0,1,2025,53,3.0,0.0,4.0,3.0,0.0,1.4285714285714286,1.3972762620115429,3.0,0.0,2.142857142857143,1.703261254505281,5.0,0.0,2.1333333333333333,1.9605300714142444,6.0,0.0,-0.5,4.0,15.0,18,12,0,6,0,1,1.0,0.0,2,2.0,0.0,0.0,0,0
4701098,2025-02-24,福荫韧豆腐380g,1.0,4.99,4.415929204,0.0,5.99,0.0,4.99,1.0,0,2,0,0,1,2025,54,2.0,0.0,2.0,2.0,2.0,1.2857142857142858,1.3801311186847076,3.0,0.0,2.0714285714285716,1.7304639535412163,5.0,0.0,2.1,1.9713464679126613,6.0,0.0,-0.55,2.0,16.0,19,13,0,6,0,0,1.0,0.0,0,0.0,0.0,0.0,0,1
4701098,2025-02-25,福荫韧豆腐380g,3.0,14.97,13.247787612,0.0,5.989999999999999,0.0,4.99,1.0,1,2,0,1,1,2025,55,1.0,3.0,3.0,2.0,2.0,1.2857142857142858,1.3801311186847076,3.0,0.0,2.142857142857143,1.7478401113789148,5.0,0.0,2.1333333333333333,1.9780403631273356,6.0,0.0,-0.5714285714285714,3.0,17.0,20,14,0,6,0,0,0.0,0.0,0,0.0,3.0,0.0,0,1
4701098,2025-02-26,福荫韧豆腐380g,1.0,4.99,4.415929204,0.0,5.99,0.0,4.99,1.0,2,2,0,1,1,2025,56,3.0,2.0,0.0,5.0,5.0,1.4285714285714286,1.2724180205607027,3.0,0.0,1.8571428571428572,1.5619092289760126,5.0,0.0,2.0,1.9118505207764296,6.0,0.0,-0.375,0.0,18.0,20,16,0,4,0,0,0.0,0.0,0,0.0,1.0,0.0,0,1
4701098,2025-02-27,福荫韧豆腐380g,3.0,14.97,13.247787612,0.0,5.989999999999999,0.0,4.99,1.0,3,2,0,1,1,2025,57,1.0,1.0,0.0,1.0,3.0,1.8571428571428572,1.2149857925879113,3.0,0.0,2.0,1.568929081105473,5.0,0.0,2.0,1.9118505207764296,6.0,0.0,-0.1333333333333333,0.0,20.0,23,17,0,6,0,0,0.0,0.0,0,0.0,3.0,0.0,0,1
4701098,2025-02-28,福荫韧豆腐380g,1.0,4.99,4.415929204,0.0,5.99,0.0,4.99,1.0,4,2,0,1,1,2025,58,3.0,3.0,0.0,1.0,0.0,2.0,0.9999999999999996,3.0,1.0,2.0,1.568929081105473,5.0,0.0,2.033333333333333,1.88429687486969,6.0,0.0,0.0,0.0,22.0,25,19,0,6,0,0,0.0,1.0,0,0.0,1.0,0.0,1,1
4701098,2025-03-01,福荫韧豆腐380g,3.0,14.97,13.247787612,0.0,5.989999999999999,0.0,4.99,1.0,5,3,1,0,1,2025,59,1.0,1.0,3.0,5.0,0.0,2.0,0.9999999999999996,3.0,1.0,1.8571428571428572,1.350620533005413,4.0,0.0,2.1333333333333333,1.851994885919307,6.0,0.0,0.16666666666666674,3.0,23.5,26,21,0,5,0,1,0.0,1.0,2,3.0,0.0,0.0,1,0
4701098,2025-03-02,福荫韧豆腐380g,0.0,0.0,,,5.990000000000002,0.0,,0.0,6,3,1,0,1,2025,60,3.0,3.0,2.0,4.0,0.0,1.7142857142857142,1.253566341056017,3.0,0.0,1.5714285714285714,1.2838814775327398,3.0,0.0,2.1333333333333333,1.851994885919307,6.0,0.0,0.19999999999999996,2.0,23.5,27,20,0,7,0,1,1.0,0.0,2,0.0,0.0,0.0,1,0
4701098,2025-03-03,福荫韧豆腐380g,4.0,19.96,17.663716816,0.0,5.99,0.0,4.99,1.0,0,3,0,0,1,2025,61,0.0,1.0,1.0,2.0,0.0,2.142857142857143,1.4638501094227996,4.0,0.0,1.7142857142857142,1.437335752680656,4.0,0.0,2.2666666666666666,1.8370390969378312,6.0,0.0,0.6666666666666665,1.0,22.5,28,17,0,11,0,0,1.0,0.0,0,0.0,0.0,0.0,1,1
4701098,2025-03-04,福荫韧豆腐380g,1.0,4.99,4.415929204,0.0,5.99,0.0,4.99,1.0,1,3,0,0,1,2025,62,4.0,3.0,3.0,3.0,0.0,1.8571428571428572,1.4638501094227994,4.0,0.0,1.5714285714285714,1.3985864135061368,4.0,0.0,2.3,1.8032537641527429,6.0,0.0,0.4444444444444444,3.0,20.5,25,16,0,9,0,0,0.0,0.0,0,0.0,0.0,0.0,1,1
4701098,2025-03-05,福荫韧豆腐380g,1.0,4.99,4.415929204,0.0,5.99,0.0,4.99,1.0,2,3,0,0,1,2025,63,1.0,0.0,1.0,0.0,0.0,1.8571428571428572,1.4638501094227994,4.0,0.0,1.6428571428571428,1.3363062095621228,4.0,0.0,2.3333333333333335,1.768173289473969,6.0,0.0,0.30000000000000004,1.0,16.0,20,12,0,8,0,0,0.0,0.0,0,0.0,0.0,0.0,0,1
4701098,2025-03-06,福荫韧豆腐380g,1.0,4.99,4.415929204,0.0,5.99,0.0,4.99,1.0,3,3,0,0,1,2025,64,1.0,4.0,3.0,0.0,5.0,1.5714285714285714,1.397276262011543,4.0,0.0,1.7142857142857142,1.2666473875533026,4.0,0.0,2.2,1.7100110909097883,6.0,0.0,-0.15384615384615385,3.0,12.0,14,10,0,4,0,0,0.0,0.0,0,0.0,0.0,0.0,0,1
4701098,2025-03-07,福荫韧豆腐380g,2.0,9.98,8.831858408,0.0,5.99,0.0,4.99,1.0,4,3,0,0,1,2025,65,1.0,1.0,1.0,0.0,3.0,1.7142857142857142,1.3801311186847078,4.0,0.0,1.8571428571428572,1.167320591199078,4.0,0.0,2.1666666666666665,1.70361346865265,6.0,0.0,-0.1428571428571429,1.0,14.0,16,12,0,4,0,0,0.0,1.0,0,0.0,0.0,0.0,0,1
4701098,2025-03-08,福荫韧豆腐380g,2.0,9.98,8.831858408,0.0,5.99,0.0,4.99,1.0,5,3,1,0,1,2025,66,2.0,1.0,3.0,3.0,6.0,1.5714285714285714,1.272418020560703,4.0,0.0,1.7857142857142858,1.1217137594956035,4.0,0.0,2.033333333333333,1.5421286974634223,5.0,0.0,-0.2142857142857143,3.0,17.0,19,15,0,4,0,1,0.0,1.0,2,2.0,0.0,0.0,0,0
4701098,2025-03-09,福荫韧豆腐380g,3.0,14.97,13.247787612,0.0,5.989999999999999,0.0,4.99,1.0,6,3,1,0,1,2025,67,2.0,1.0,0.0,2.0,0.0,2.0,1.1547005383792512,4.0,1.0,1.8571428571428572,1.167320591199078,4.0,0.0,2.1333333333333333,1.5024883574816204,5.0,0.0,0.16666666666666674,0.0,19.5,23,16,0,7,0,1,1.0,0.0,2,3.0,0.0,0.0,0,0
4701098,2025-03-10,福荫韧豆腐380g,2.0,9.98,8.831858408,0.0,5.99,0.0,4.99,1.0,0,3,0,0,1,2025,68,3.0,2.0,4.0,1.0,5.0,1.7142857142857142,0.7559289460184536,3.0,1.0,1.9285714285714286,1.1411388181101387,4.0,0.0,2.033333333333333,1.4015590662158894,5.0,0.0,-0.20000000000000007,4.0,22.5,27,18,0,9,0,0,1.0,0.0,0,0.0,0.0,0.0,1,1
4701098,2025-03-11,福荫韧豆腐380g,1.0,4.99,4.415929204,0.0,5.99,0.0,4.99,1.0,1,3,0,0,1,2025,69,2.0,2.0,1.0,3.0,3.0,1.7142857142857142,0.7559289460184536,3.0,1.0,1.7857142857142858,1.1217137594956035,4.0,0.0,1.9666666666666666,1.4015590662158894,5.0,0.0,-0.07692307692307698,1.0,23.0,27,19,0,8,0,0,0.0,0.0,0,0.0,0.0,0.0,1,1
4701098,2025-03-12,福荫韧豆腐380g,3.0,14.97,13.247787612,0.0,5.989999999999999,0.0,4.99,1.0,2,3,0,0,1,2025,70,1.0,3.0,1.0,1.0,2.0,2.0,0.8164965809277257,3.0,1.0,1.9285714285714286,1.1411388181101387,4.0,0.0,2.0,1.4142135623730956,5.0,0.0,0.07692307692307687,1.0,24.5,27,22,0,5,0,0,0.0,0.0,0,0.0,0.0,0.0,1,1
4701098,2025-03-13,福荫韧豆腐380g,3.0,14.97,13.247787612,0.0,5.989999999999999,0.0,4.99,1.0,3,3,0,0,1,2025,71,3.0,2.0,1.0,3.0,2.0,2.2857142857142856,0.7559289460184546,3.0,1.0,1.9285714285714286,1.1411388181101387,4.0,0.0,2.033333333333333,1.4259499757471632,5.0,0.0,0.4545454545454546,1.0,25.0,28,22,0,6,0,0,0.0,0.0,0,0.0,0.0,0.0,1,1
4701098,2025-03-14,福荫韧豆腐380g,1.0,4.99,4.415929204,0.0,5.99,0.0,4.99,1.0,4,3,0,0,1,2025,72,3.0,1.0,2.0,1.0,5.0,2.142857142857143,0.8997354108424372,3.0,1.0,1.9285714285714286,1.1411388181101387,4.0,0.0,1.9,1.322223832060581,5.0,0.0,0.25,2.0,23.5,27,20,0,7,0,0,0.0,1.0,0,0.0,0.0,0.0,1,1
4701098,2025-03-15,福荫韧豆腐380g,4.0,19.96,17.663716816,0.0,5.99,0.0,4.99,1.0,5,3,1,0,1,2025,73,1.0,3.0,2.0,3.0,1.0,2.4285714285714284,1.133893419027682,4.0,1.0,2.0,1.2403473458920853,4.0,0.0,2.0,1.364576478442027,5.0,0.0,0.5454545454545454,2.0,20.0,26,14,0,12,0,1,0.0,1.0,2,4.0,0.0,0.0,0,0
4701098,2025-03-16,福荫韧豆腐380g,3.0,14.97,13.247787612,0.0,5.989999999999999,0.0,4.99,1.0,6,3,1,0,1,2025,74,4.0,3.0,3.0,0.0,1.0,2.4285714285714284,1.133893419027682,4.0,1.0,2.2142857142857144,1.1217137594956033,4.0,1.0,2.066666666666667,1.3628907749221206,5.0,0.0,0.2142857142857142,3.0,17.0,21,13,0,8,0,1,1.0,0.0,2,3.0,0.0,0.0,0,0
4701098,2025-03-17,福荫韧豆腐380g,0.0,0.0,,,5.990000000000002,0.0,,0.0,0,3,0,0,1,2025,75,3.0,1.0,2.0,4.0,5.0,2.142857142857143,1.4638501094227998,4.0,0.0,1.9285714285714286,1.1411388181101385,4.0,0.0,1.9,1.29588207211443,4.0,0.0,0.25,2.0,18.0,22,14,0,8,0,0,1.0,0.0,0,0.0,0.0,0.0,0,1
4701098,2025-03-18,福荫韧豆腐380g,3.0,14.97,13.247787612,0.0,5.989999999999999,0.0,4.99,1.0,1,3,0,0,1,2025,76,0.0,4.0,1.0,1.0,4.0,2.4285714285714284,1.397276262011544,4.0,0.0,2.0714285714285716,1.1411388181101385,4.0,0.0,1.8666666666666667,1.252124631158586,4.0,0.0,0.41666666666666674,1.0,16.5,20,13,0,7,0,0,0.0,0.0,0,0.0,0.0,0.0,0,1
4701098,2025-03-19,福荫韧豆腐380g,1.0,4.99,4.415929204,0.0,5.99,0.0,4.99,1.0,2,3,0,0,1,2025,77,3.0,3.0,3.0,1.0,2.0,2.142857142857143,1.4638501094227998,4.0,0.0,2.0714285714285716,1.1411388181101385,4.0,0.0,1.8333333333333333,1.261726603899794,4.0,0.0,0.0714285714285714,3.0,17.5,22,13,0,9,0,0,0.0,0.0,0,0.0,0.0,0.0,0,1
4701098,2025-03-20,福荫韧豆腐380g,1.0,4.99,3.884955752,0.6,5.99,1.0,4.390000000000001,0.8797595190380761,3,3,0,0,1,2025,78,1.0,0.0,3.0,1.0,3.0,1.8571428571428572,1.4638501094227994,4.0,0.0,2.0714285714285716,1.1411388181101385,4.0,0.0,1.7666666666666666,1.2507469032909722,4.0,0.0,-0.1874999999999999,3.0,18.5,23,14,0,9,0,0,0.0,0.0,0,0.0,0.0,0.0,0,1
4701098,2025-03-21,福荫韧豆腐380g,1.0,4.99,4.415929204,0.0,5.99,0.0,4.99,1.0,4,3,0,0,1,2025,79,1.0,3.0,1.0,2.0,0.0,1.8571428571428572,1.4638501094227994,4.0,0.0,2.0,1.1766968108291047,4.0,0.0,1.8,1.2148506364839753,4.0,0.0,-0.1333333333333333,1.0,21.0,27,15,0,12,0,0,0.0,1.0,0,0.0,0.0,0.0,1,1
4701098,2025-03-22,福荫韧豆腐380g,3.0,14.97,13.247787611,0.0,5.99,0.0,4.99,1.0,5,3,1,0,1,2025,80,1.0,1.0,4.0,2.0,0.0,1.7142857142857142,1.253566341056017,3.0,0.0,2.0714285714285716,1.2066664642907572,4.0,0.0,1.9,1.1846722229638338,4.0,0.0,-0.2941176470588235,4.0,21.5,27,16,0,11,0,1,0.0,1.0,2,3.0,0.0,0.0,1,0
4701098,2025-03-23,福荫韧豆腐380g,5.0,24.950000000000003,22.079646020000002,0.0,5.99,0.0,4.99,1.0,6,3,1,0,1,2025,81,3.0,1.0,3.0,3.0,0.0,2.0,1.732050807568877,5.0,0.0,2.2142857142857144,1.4238934396479703,5.0,0.0,2.066666666666667,1.257620449659714,5.0,0.0,-0.17647058823529405,3.0,22.5,28,17,0,11,0,1,1.0,0.0,2,5.0,0.0,0.0,1,0
4701098,2025-03-24,福荫韧豆腐380g,2.0,9.98,8.831858408,0.0,5.99,0.0,4.99,1.0,0,3,0,0,1,2025,82,5.0,1.0,0.0,2.0,3.0,2.2857142857142856,1.4960264830861911,5.0,1.0,2.2142857142857144,1.4238934396479703,5.0,0.0,2.033333333333333,1.2452207485597406,5.0,0.0,0.06666666666666665,0.0,23.0,28,18,0,10,0,0,1.0,0.0,0,0.0,0.0,0.0,1,1
4701098,2025-03-25,福荫韧豆腐380g,2.0,9.98,8.831858408,0.0,5.99,0.0,4.99,1.0,1,3,0,1,1,2025,83,2.0,3.0,3.0,1.0,2.0,2.142857142857143,1.4638501094227996,5.0,1.0,2.2857142857142856,1.3827826698682308,5.0,0.0,2.033333333333333,1.2452207485597406,5.0,0.0,-0.11764705882352933,3.0,24.5,30,19,0,11,0,0,0.0,0.0,0,0.0,2.0,0.0,1,1
4701098,2025-03-26,福荫韧豆腐380g,0.0,0.0,,,5.990000000000002,0.0,,0.0,2,3,0,1,1,2025,84,2.0,5.0,1.0,3.0,1.0,2.0,1.6329931618554518,5.0,0.0,2.0714285714285716,1.4917354742965412,5.0,0.0,2.0,1.2865350418053547,5.0,0.0,-0.06666666666666665,1.0,24.5,29,20,0,9,0,0,0.0,0.0,0,0.0,0.0,0.0,1,1
4701098,2025-03-27,福荫韧豆腐380g,3.0,14.97,13.247787612,0.0,5.989999999999999,0.0,4.99,1.0,3,3,0,1,1,2025,85,0.0,2.0,1.0,3.0,3.0,2.2857142857142856,1.6035674514745462,5.0,0.0,2.0714285714285716,1.4917354742965412,5.0,0.0,2.0,1.2865350418053547,5.0,0.0,0.23076923076923062,1.0,25.5,28,23,0,5,0,0,0.0,0.0,0,0.0,3.0,0.0,1,1
4701098,2025-03-28,福荫韧豆腐380g,2.0,9.98,8.831858407,0.0,5.99,0.0,4.99,1.0,4,3,0,1,1,2025,86,3.0,2.0,1.0,1.0,1.0,2.4285714285714284,1.511857892036909,5.0,0.0,2.142857142857143,1.460091823094744,5.0,0.0,2.033333333333333,1.2726115785600336,5.0,0.0,0.3076923076923075,1.0,21.5,28,15,0,13,0,0,0.0,1.0,0,0.0,2.0,0.0,1,1
4701098,2025-03-29,福荫韧豆腐380g,2.0,9.98,8.831858408,0.0,5.99,0.0,4.99,1.0,5,3,1,1,1,2025,87,2.0,0.0,3.0,4.0,3.0,2.2857142857142856,1.4960264830861911,5.0,0.0,2.0,1.3587324409735155,5.0,0.0,2.0,1.2594470598448062,5.0,0.0,0.33333333333333326,3.0,14.0,16,12,0,4,0,1,0.0,1.0,2,2.0,2.0,0.0,0,0
4701098,2025-03-30,福荫韧豆腐380g,5.0,24.950000000000003,22.079646020000002,0.0,5.99,0.0,4.99,1.0,6,3,1,1,1,2025,88,2.0,3.0,5.0,3.0,1.0,2.2857142857142856,1.4960264830861911,5.0,0.0,2.142857142857143,1.561909228976012,5.0,0.0,2.1333333333333333,1.3578211078487266,5.0,0.0,0.1428571428571428,5.0,12.0,14,10,0,4,0,1,1.0,0.0,2,5.0,5.0,0.0,0,0
4701098,2025-03-31,福荫韧豆腐380g,1.0,4.99,4.415929204,0.0,5.99,0.0,4.99,1.0,0,3,0,1,1,2025,89,5.0,2.0,2.0,0.0,3.0,2.142857142857143,1.5735915849388862,5.0,0.0,2.2142857142857144,1.4769288003552106,5.0,0.0,2.066666666666667,1.3628907749221209,5.0,0.0,-0.0625,2.0,12.0,14,10,0,4,0,0,1.0,0.0,0,0.0,1.0,0.0,0,1
4701098,2025-04-01,福荫韧豆腐380g,2.0,9.98,8.831858408,0.0,5.99,0.0,4.99,1.0,1,4,0,0,2,2025,90,1.0,2.0,2.0,3.0,0.0,2.142857142857143,1.5735915849388862,5.0,0.0,2.142857142857143,1.4600918230947437,5.0,0.0,2.1333333333333333,1.306042543884687,5.0,0.0,0.0,2.0,16.0,19,13,0,6,0,0,0.0,0.0,0,0.0,0.0,0.0,0,1
4701098,2025-04-02,福荫韧豆腐380g,2.0,9.98,8.831858408,0.0,5.99,0.0,4.99,1.0,2,4,0,0,2,2025,91,2.0,5.0,0.0,1.0,4.0,2.4285714285714284,1.2724180205607034,5.0,1.0,2.2142857142857144,1.4238934396479703,5.0,0.0,2.066666666666667,1.257620449659714,5.0,0.0,0.2142857142857142,0.0,19.0,23,15,0,8,0,0,0.0,0.0,0,0.0,0.0,0.0,0,1
4701098,2025-04-03,福荫韧豆腐380g,2.0,9.98,8.831858408,0.0,5.99,0.0,4.99,1.0,3,4,0,0,2,2025,92,2.0,1.0,3.0,1.0,1.0,2.2857142857142856,1.2535663410560174,5.0,1.0,2.2857142857142856,1.3827826698682306,5.0,0.0,2.1,1.2415229801920022,5.0,0.0,0.0,3.0,20.5,25,16,0,9,0,0,0.0,1.0,0,0.0,0.0,0.0,1,1
4701098,2025-04-04,福荫韧豆腐380g,0.0,0.0,,,5.990000000000002,0.0,,0.0,4,4,0,0,2,2025,93,2.0,2.0,2.0,1.0,1.0,2.0,1.5275252316519465,5.0,0.0,2.2142857142857144,1.4769288003552106,5.0,0.0,2.066666666666667,1.284746944983206,5.0,0.0,-0.17647058823529405,2.0,21.5,25,18,0,7,0,1,0.0,1.0,3,0.0,0.0,0.0,1,0
4701098,2025-04-05,福荫韧豆腐380g,1.0,4.99,4.415929204,0.0,5.99,0.0,4.99,1.0,5,4,1,0,2,2025,94,0.0,2.0,2.0,3.0,1.0,1.8571428571428572,1.573591584938886,5.0,0.0,2.0714285714285716,1.491735474296541,5.0,0.0,2.066666666666667,1.284746944983206,5.0,0.0,-0.1874999999999999,2.0,20.0,23,17,0,6,0,1,1.0,1.0,3,1.0,0.0,0.0,0,0
4701098,2025-04-06,福荫韧豆腐380g,0.0,0.0,,,5.990000000000002,0.0,,0.0,6,4,1,0,2,2025,95,1.0,2.0,5.0,5.0,2.0,1.1428571428571428,0.899735410842436,2.0,0.0,1.7142857142857142,1.3259870882635925,5.0,0.0,2.0,1.3390681268239735,5.0,0.0,-0.5,5.0,22.0,26,18,0,8,0,1,1.0,0.0,3,0.0,0.0,0.0,1,0
4701098,2025-04-07,福荫韧豆腐380g,4.0,19.96,17.663716816,0.0,5.99,0.0,4.99,1.0,0,4,0,0,2,2025,96,0.0,0.0,1.0,2.0,2.0,1.5714285714285714,1.3972762620115433,4.0,0.0,1.8571428571428572,1.460091823094744,5.0,0.0,2.066666666666667,1.3879613761229808,5.0,0.0,-0.2666666666666666,1.0,22.0,25,19,0,6,0,0,1.0,0.0,0,0.0,0.0,0.0,1,1
4701098,2025-04-08,福荫韧豆腐380g,1.0,4.99,4.415929204,0.0,5.99,0.0,4.99,1.0,1,4,0,0,2,2025,97,4.0,1.0,2.0,2.0,3.0,1.4285714285714286,1.397276262011543,4.0,0.0,1.7857142857142858,1.476928800355211,5.0,0.0,2.0,1.3896166675593036,5.0,0.0,-0.33333333333333326,2.0,24.0,28,20,0,8,0,0,0.0,0.0,0,0.0,0.0,0.0,1,1
4701098,2025-04-09,福荫韧豆腐380g,2.0,9.98,8.831858408,0.0,5.99,0.0,4.99,1.0,2,4,0,0,2,2025,98,1.0,0.0,2.0,0.0,2.0,1.4285714285714286,1.397276262011543,4.0,0.0,1.9285714285714286,1.3847680013570571,5.0,0.0,2.0,1.3896166675593036,5.0,0.0,-0.4117647058823529,2.0,24.5,28,21,0,7,0,0,0.0,0.0,0,0.0,0.0,0.0,1,1
4701098,2025-04-10,福荫韧豆腐380g,3.0,14.97,13.247787612,0.0,5.989999999999999,0.0,4.99,1.0,3,4,0,0,2,2025,99,2.0,4.0,2.0,3.0,1.0,1.5714285714285714,1.5118578920369083,4.0,0.0,1.9285714285714286,1.3847680013570571,5.0,0.0,2.066666666666667,1.3879613761229808,5.0,0.0,-0.3125,2.0,25.5,29,22,0,7,0,0,0.0,0.0,0,0.0,0.0,0.0,1,1
4701098,2025-04-11,福荫韧豆腐380g,1.0,4.99,4.415929204,0.0,5.99,0.0,4.99,1.0,4,4,0,0,2,2025,100,3.0,1.0,0.0,2.0,3.0,1.7142857142857142,1.3801311186847078,4.0,0.0,1.8571428571428572,1.406421692815487,5.0,0.0,2.0,1.3896166675593036,5.0,0.0,-0.1428571428571429,0.0,25.0,28,22,0,6,0,0,0.0,1.0,0,0.0,0.0,0.0,1,1
4701098,2025-04-12,福荫韧豆腐380g,1.0,4.99,4.415929204,0.0,5.99,0.0,4.99,1.0,5,4,1,0,2,2025,101,1.0,2.0,1.0,2.0,3.0,1.7142857142857142,1.3801311186847078,4.0,0.0,1.7857142857142858,1.4238934396479708,5.0,0.0,1.9333333333333333,1.3879613761229808,5.0,0.0,-0.07692307692307698,1.0,21.5,27,16,0,11,0,1,0.0,1.0,2,1.0,0.0,0.0,1,0
4701098,2025-04-13,福荫韧豆腐380g,0.0,0.0,,,5.990000000000002,0.0,,0.0,6,4,1,0,2,2025,102,1.0,3.0,0.0,5.0,1.0,1.7142857142857142,1.3801311186847078,4.0,0.0,1.4285714285714286,1.1578684470436802,4.0,0.0,1.9,1.422722014672749,5.0,0.0,0.5,0.0,19.5,22,17,0,5,0,1,1.0,0.0,2,0.0,0.0,0.0,0,0
4701098,2025-04-14,福荫韧豆腐380g,1.0,4.99,4.415929204,0.0,5.99,0.0,4.99,1.0,0,4,0,0,2,2025,103,0.0,1.0,4.0,1.0,4.0,1.2857142857142858,0.9511897312113406,3.0,0.0,1.4285714285714286,1.1578684470436802,4.0,0.0,1.8,1.3746472901853029,5.0,0.0,-0.18181818181818177,4.0,23.0,27,19,0,8,0,0,1.0,0.0,0,0.0,0.0,0.0,1,1
4701098,2025-04-15,福荫韧豆腐380g,1.0,4.99,4.415929204,0.0,5.99,0.0,4.99,1.0,1,4,0,0,2,2025,104,1.0,1.0,1.0,2.0,3.0,1.2857142857142858,0.9511897312113406,3.0,0.0,1.3571428571428572,1.1507283885330315,4.0,0.0,1.7333333333333334,1.362890774922121,5.0,0.0,-0.09999999999999998,1.0,25.5,30,21,0,9,0,0,0.0,0.0,0,0.0,0.0,0.0,1,1
4701098,2025-04-16,福荫韧豆腐380g,1.0,4.99,4.415929204,0.0,5.99,0.0,4.99,1.0,2,4,0,0,2,2025,105,1.0,0.0,2.0,2.0,0.0,1.1428571428571428,0.8997354108424359,3.0,0.0,1.2857142857142858,1.1387288073563873,4.0,0.0,1.7666666666666666,1.3308885632599354,5.0,0.0,-0.20000000000000007,2.0,26.0,31,21,0,10,0,0,0.0,0.0,0,0.0,0.0,0.0,1,1
4701098,2025-04-17,福荫韧豆腐380g,2.0,9.98,8.831858408,0.0,5.99,0.0,4.99,1.0,3,4,0,0,2,2025,106,1.0,1.0,3.0,2.0,3.0,1.0,0.5773502691896234,2.0,0.0,1.2857142857142858,1.1387288073563873,4.0,0.0,1.7333333333333334,1.3113124074319822,5.0,0.0,-0.36363636363636365,3.0,25.5,29,22,0,7,0,0,0.0,0.0,0,0.0,0.0,0.0,1,1
4701098,2025-04-18,福荫韧豆腐380g,2.0,9.98,8.831858408,0.0,5.99,0.0,4.99,1.0,4,4,0,0,2,2025,107,2.0,1.0,1.0,0.0,1.0,1.1428571428571428,0.6900655593423525,2.0,0.0,1.4285714285714286,1.0894095588038457,4.0,0.0,1.7666666666666666,1.3047217521658463,5.0,0.0,-0.33333333333333337,1.0,27.0,30,24,0,6,0,0,0.0,1.0,0,0.0,0.0,0.0,1,1
4701098,2025-04-19,福荫韧豆腐380g,3.0,14.97,13.247787612,0.0,5.989999999999999,0.0,4.99,1.0,5,4,1,0,2,2025,108,2.0,1.0,1.0,1.0,1.0,1.4285714285714286,0.9759000729485323,3.0,0.0,1.5714285714285714,1.15786844704368,4.0,0.0,1.8333333333333333,1.3152509484776158,5.0,0.0,-0.16666666666666663,1.0,25.5,27,24,0,3,0,1,0.0,1.0,2,3.0,0.0,0.0,1,0
4701098,2025-04-20,福荫韧豆腐380g,1.0,4.99,3.884955752,0.6,5.99,1.0,4.390000000000001,0.8797595190380761,6,4,1,0,2,2025,109,3.0,2.0,0.0,0.0,1.0,1.5714285714285714,0.7867957924694424,3.0,1.0,1.6428571428571428,1.0818177620697826,4.0,0.0,1.8333333333333333,1.3152509484776158,5.0,0.0,-0.08333333333333326,0.0,28.0,31,25,0,6,0,1,1.0,0.0,2,1.1366742596810935,0.0,0.0,1,0
4701098,2025-04-21,福荫韧豆腐380g,2.0,9.98,8.831858408,0.0,5.99,0.0,4.99,1.0,0,4,0,0,2,2025,110,1.0,2.0,1.0,4.0,3.0,1.7142857142857142,0.755928946018454,3.0,1.0,1.5,0.854850414265112,3.0,0.0,1.8,1.2972118642263717,5.0,0.0,0.33333333333333326,1.0,27.5,31,24,0,7,0,0,1.0,0.0,0,0.0,0.0,0.0,1,1
4701098,2025-04-22,福荫韧豆腐380g,1.0,4.99,4.415929204,0.0,5.99,0.0,4.99,1.0,1,4,0,0,2,2025,111,2.0,3.0,1.0,1.0,5.0,1.7142857142857142,0.755928946018454,3.0,1.0,1.5,0.854850414265112,3.0,0.0,1.6666666666666667,1.1547005383792532,5.0,0.0,0.33333333333333326,1.0,28.0,31,25,0,6,0,0,0.0,0.0,0,0.0,0.0,0.0,1,1
4701098,2025-04-23,福荫韧豆腐380g,1.0,4.99,4.415929204,0.0,5.99,0.0,4.99,1.0,2,4,0,0,2,2025,112,1.0,1.0,1.0,2.0,2.0,1.7142857142857142,0.755928946018454,3.0,1.0,1.4285714285714286,0.8516306272526418,3.0,0.0,1.6333333333333333,1.1591713250937257,5.0,0.0,0.5,1.0,28.5,31,26,0,5,0,0,0.0,0.0,0,0.0,0.0,0.0,1,1
4701098,2025-04-24,福荫韧豆腐380g,1.0,4.99,4.415929204,0.0,5.99,0.0,4.99,1.0,3,4,0,0,2,2025,113,1.0,2.0,2.0,3.0,2.0,1.5714285714285714,0.7867957924694424,3.0,1.0,1.2857142857142858,0.7262730392025653,3.0,0.0,1.6,1.1626367179523611,5.0,0.0,0.5714285714285714,2.0,27.0,31,23,0,8,0,0,0.0,0.0,0,0.0,0.0,0.0,1,1
4701098,2025-04-25,福荫韧豆腐380g,2.0,9.98,8.831858408,0.0,5.99,0.0,4.99,1.0,4,4,0,1,2,2025,114,1.0,1.0,2.0,1.0,0.0,1.5714285714285714,0.7867957924694424,3.0,1.0,1.3571428571428572,0.7449463436684941,3.0,0.0,1.6666666666666667,1.1244411127720106,5.0,0.0,0.375,2.0,24.0,27,21,0,6,0,0,0.0,1.0,0,0.0,2.0,0.0,1,1
4701098,2025-04-26,福荫韧豆腐380g,0.0,0.0,,,5.990000000000002,0.0,,0.0,5,4,1,1,2,2025,115,2.0,1.0,3.0,1.0,3.0,1.1428571428571428,0.6900655593423524,2.0,0.0,1.2857142857142858,0.8254203058555591,3.0,0.0,1.5666666666666667,1.1351236704106036,5.0,0.0,-0.20000000000000007,3.0,24.5,26,23,0,3,0,1,0.0,0.0,1,0.0,0.0,0.0,1,0
4701098,2025-04-27,福荫韧豆腐380g,0.0,0.0,,,5.990000000000002,0.0,,0.0,6,4,1,1,2,2025,116,0.0,1.0,1.0,0.0,2.0,1.0,0.8164965809277243,2.0,0.0,1.2857142857142858,0.8254203058555591,3.0,0.0,1.5,1.1670771035014118,5.0,0.0,-0.36363636363636365,1.0,25.0,27,23,0,4,0,0,1.0,0.0,0,0.0,0.0,0.0,1,1
4701098,2025-04-28,福荫韧豆腐380g,0.0,0.0,,,5.990000000000002,0.0,,0.0,0,4,0,1,2,2025,117,0.0,2.0,2.0,1.0,2.0,0.7142857142857143,0.755928946018452,2.0,0.0,1.2142857142857142,0.892582375303983,3.0,0.0,1.4333333333333333,1.1943352886058418,5.0,0.0,-0.5833333333333333,2.0,26.5,31,22,0,9,0,0,0.0,0.0,0,0.0,0.0,0.0,1,1
4701098,2025-04-29,福荫韧豆腐380g,1.0,4.99,4.415929204,0.0,5.99,0.0,4.99,1.0,1,4,0,1,2,2025,118,0.0,0.0,1.0,1.0,5.0,0.7142857142857143,0.755928946018452,2.0,0.0,1.2142857142857142,0.892582375303983,3.0,0.0,1.3,0.9878573120474036,4.0,0.0,-0.5833333333333333,1.0,26.0,30,22,0,8,0,0,0.0,0.0,0,0.0,1.0,0.0,1,1
4701098,2025-04-30,福荫韧豆腐380g,1.0,4.99,4.415929204,0.0,5.99,0.0,4.99,1.0,2,4,0,1,2,2025,119,1.0,0.0,1.0,1.0,1.0,0.7142857142857143,0.755928946018452,2.0,0.0,1.2142857142857142,0.892582375303983,3.0,0.0,1.3,0.9878573120474036,4.0,0.0,-0.5833333333333333,1.0,26.0,30,22,0,8,0,0,0.0,1.0,0,0.0,1.0,0.0,1,1
4701098,2025-05-01,福荫韧豆腐380g,1.0,4.99,4.415929204,0.0,5.99,0.0,4.99,1.0,3,5,0,0,2,2025,120,1.0,0.0,1.0,2.0,2.0,0.7142857142857143,0.755928946018452,2.0,0.0,1.1428571428571428,0.8644378215075686,3.0,0.0,1.2666666666666666,0.9802650357071241,4.0,0.0,-0.5454545454545454,1.0,26.0,28,24,0,4,0,1,0.0,1.0,5,0.0,0.0,0.0,1,0
4701098,2025-05-02,福荫韧豆腐380g,1.0,4.99,4.415929204,0.0,5.99,0.0,4.99,1.0,4,5,0,0,2,2025,121,1.0,1.0,2.0,2.0,2.0,0.5714285714285714,0.5345224838248448,1.0,0.0,1.0714285714285714,0.8287419301647473,3.0,0.0,1.2333333333333334,0.9714309861845793,4.0,0.0,-0.6363636363636364,2.0,27.5,31,24,0,7,0,1,1.0,1.0,5,0.0,0.0,0.0,1,0
4701098,2025-05-03,福荫韧豆腐380g,2.0,9.98,8.831858408,0.0,5.99,0.0,4.99,1.0,5,5,1,0,2,2025,122,1.0,1.0,0.0,3.0,2.0,0.8571428571428571,0.6900655593423518,2.0,0.0,1.0,0.6793662204867605,2.0,0.0,1.2333333333333334,0.9714309861845793,4.0,0.0,-0.25,0.0,27.5,31,24,0,7,0,1,1.0,1.0,5,2.0,0.0,0.0,1,0
4701098,2025-05-04,福荫韧豆腐380g,1.0,4.99,4.415929204,0.0,5.99,0.0,4.99,1.0,6,5,1,0,2,2025,123,2.0,1.0,0.0,1.0,0.0,1.0,0.5773502691896234,2.0,0.0,1.0,0.6793662204867605,2.0,0.0,1.2666666666666666,0.9444331755018509,4.0,0.0,0.0,0.0,28.0,32,24,0,8,0,1,1.0,1.0,5,1.0,0.0,0.0,1,0
4701098,2025-05-05,福荫韧豆腐380g,5.0,24.950000000000003,22.079646020000002,0.0,5.99,0.0,4.99,1.0,0,5,0,0,2,2025,124,1.0,1.0,0.0,2.0,1.0,1.7142857142857142,1.4960264830861911,5.0,1.0,1.2142857142857142,1.251372872462109,5.0,0.0,1.4,1.1626367179523613,5.0,0.0,1.4,0.0,27.5,31,24,0,7,0,1,1.0,0.0,5,0.0,0.0,0.0,1,0
4701098,2025-05-06,福荫韧豆腐380g,2.0,9.98,8.831858408,0.0,5.99,0.0,4.99,1.0,1,5,0,0,2,2025,125,5.0,2.0,1.0,1.0,0.0,1.8571428571428572,1.4638501094227998,5.0,1.0,1.2857142857142858,1.266647387553303,5.0,0.0,1.4666666666666666,1.1366415543118726,5.0,0.0,1.6,1.0,27.0,30,24,0,6,0,0,1.0,0.0,0,0.0,0.0,0.0,1,1
4701098,2025-05-07,福荫韧豆腐380g,1.0,4.99,4.415929204,0.0,5.99,0.0,4.99,1.0,2,5,0,0,2,2025,126,2.0,1.0,1.0,1.0,4.0,1.8571428571428572,1.4638501094227998,5.0,1.0,1.2857142857142858,1.266647387553303,5.0,0.0,1.3666666666666667,1.0333518722845705,5.0,0.0,1.6,1.0,27.5,30,25,0,5,0,0,0.0,0.0,0,0.0,0.0,0.0,1,1
4701098,2025-05-08,福荫韧豆腐380g,2.0,9.98,8.831858408,0.0,5.99,0.0,4.99,1.0,3,5,0,0,2,2025,127,1.0,5.0,1.0,1.0,1.0,2.0,1.4142135623730951,5.0,1.0,1.3571428571428572,1.2774459408789614,5.0,0.0,1.4,1.0372377109252833,5.0,0.0,1.7999999999999998,1.0,27.5,31,24,0,7,0,0,0.0,0.0,0,0.0,0.0,0.0,1,1
4701098,2025-05-09,福荫韧豆腐380g,3.0,14.97,13.247787612,0.0,5.989999999999999,0.0,4.99,1.0,4,5,0,0,2,2025,128,2.0,2.0,1.0,2.0,2.0,2.2857142857142856,1.3801311186847092,5.0,1.0,1.4285714285714286,1.3424596091494914,5.0,0.0,1.4333333333333333,1.072648457158114,5.0,0.0,3.0,1.0,26.0,30,22,0,8,0,0,0.0,1.0,0,0.0,0.0,0.0,1,1
4701098,2025-05-10,福荫韧豆腐380g,1.0,4.99,4.415929204,0.0,5.99,0.0,4.99,1.0,5,5,1,0,2,2025,129,3.0,1.0,2.0,0.0,3.0,2.142857142857143,1.4638501094228002,5.0,1.0,1.5,1.2860194997923464,5.0,0.0,1.3666666666666667,1.0333518722845705,5.0,0.0,1.5,2.0,23.5,28,19,0,9,0,1,0.0,1.0,2,1.0,0.0,0.0,1,0
4701098,2025-05-11,福荫韧豆腐380g,3.0,14.97,13.247787612,0.0,5.989999999999999,0.0,4.99,1.0,6,5,1,0,2,2025,130,1.0,2.0,1.0,0.0,1.0,2.4285714285714284,1.3972762620115446,5.0,1.0,1.7142857142857142,1.2666473875533026,5.0,0.0,1.4333333333333333,1.072648457158114,5.0,0.0,1.4285714285714284,1.0,22.0,24,20,0,4,0,1,1.0,0.0,2,3.0,0.0,0.0,1,0
4701098,2025-05-12,福荫韧豆腐380g,1.0,4.99,4.415929204,0.0,5.99,0.0,4.99,1.0,0,5,0,0,2,2025,131,3.0,3.0,5.0,0.0,1.0,1.8571428571428572,0.8997354108424375,3.0,1.0,1.7857142857142858,1.1883130530663688,5.0,1.0,1.4333333333333333,1.072648457158114,5.0,0.0,0.08333333333333348,5.0,25.0,30,20,0,10,0,0,1.0,0.0,0,0.0,0.0,0.0,1,1
4701098,2025-05-13,福荫韧豆腐380g,0.0,0.0,,,5.990000000000002,0.0,,0.0,1,5,0,0,2,2025,132,1.0,1.0,2.0,1.0,0.0,1.5714285714285714,1.1338934190276813,3.0,0.0,1.7142857142857142,1.2666473875533026,5.0,0.0,1.4333333333333333,1.072648457158114,5.0,0.0,-0.15384615384615385,2.0,26.5,29,24,0,5,0,0,0.0,0.0,0,0.0,0.0,0.0,1,1
4701098,2025-05-14,福荫韧豆腐380g,5.0,24.950000000000003,22.079646020000002,0.0,5.99,0.0,4.99,1.0,2,5,0,0,2,2025,133,0.0,3.0,1.0,1.0,1.0,2.142857142857143,1.6761634196950517,5.0,0.0,2.0,1.5191090506255005,5.0,0.0,1.5666666666666667,1.2507469032909728,5.0,0.0,0.15384615384615374,1.0,28.5,32,25,0,7,0,0,0.0,0.0,0,0.0,0.0,0.0,1,1
4701098,2025-05-15,福荫韧豆腐380g,1.0,4.99,4.415929204,0.0,5.99,0.0,4.99,1.0,3,5,0,0,2,2025,134,5.0,1.0,2.0,1.0,1.0,2.0,1.7320508075688774,5.0,0.0,2.0,1.5191090506255005,5.0,0.0,1.5666666666666667,1.2507469032909728,5.0,0.0,0.0,2.0,28.5,31,26,0,5,0,0,0.0,0.0,0,0.0,0.0,0.0,1,1
4701098,2025-05-16,福荫韧豆腐380g,3.0,14.97,13.247787612,0.0,5.989999999999999,0.0,4.99,1.0,4,5,0,0,2,2025,135,1.0,0.0,3.0,1.0,1.0,2.0,1.7320508075688774,5.0,0.0,2.142857142857143,1.5118578920369092,5.0,0.0,1.6333333333333333,1.272611578560034,5.0,0.0,-0.125,3.0,28.0,30,26,0,4,0,0,0.0,1.0,0,0.0,0.0,0.0,1,1
4701098,2025-05-17,福荫韧豆腐380g,0.0,0.0,,,5.990000000000002,0.0,,0.0,5,5,1,0,2,2025,136,3.0,5.0,1.0,2.0,2.0,1.8571428571428572,1.864454471471609,5.0,0.0,2.0,1.6172150801252805,5.0,0.0,1.5666666666666667,1.3047217521658465,5.0,0.0,-0.1333333333333333,1.0,28.5,31,26,0,5,0,1,0.0,1.0,2,0.0,0.0,0.0,1,0
4701098,2025-05-18,福荫韧豆腐380g,1.0,4.99,4.415929204,0.0,5.99,0.0,4.99,1.0,6,5,1,0,2,2025,137,0.0,1.0,3.0,1.0,2.0,1.5714285714285714,1.8126539343499313,5.0,0.0,2.0,1.6172150801252805,5.0,0.0,1.5333333333333334,1.3060425438846874,5.0,0.0,-0.3529411764705882,3.0,28.5,31,26,0,5,0,1,1.0,0.0,2,1.0,0.0,0.0,1,0
4701098,2025-05-19,福荫韧豆腐380g,1.0,4.99,4.415929204,0.0,5.99,0.0,4.99,1.0,0,5,0,0,2,2025,138,1.0,3.0,1.0,5.0,3.0,1.5714285714285714,1.8126539343499313,5.0,0.0,1.7142857142857142,1.3827826698682315,5.0,0.0,1.4666666666666666,1.2793676598989858,5.0,0.0,-0.15384615384615385,1.0,28.5,32,25,0,7,0,0,1.0,0.0,0,0.0,0.0,0.0,1,1
4701098,2025-05-20,福荫韧豆腐380g,2.0,9.98,7.769911504,1.2,5.99,1.0,4.390000000000001,0.8797595190380761,1,5,0,0,2,2025,139,1.0,0.0,0.0,2.0,1.0,1.8571428571428572,1.6761634196950517,5.0,0.0,1.7142857142857142,1.3827826698682315,5.0,0.0,1.5,1.2798167972341834,5.0,0.0,0.18181818181818188,0.0,29.5,32,27,0,5,0,0,0.0,0.0,0,0.0,0.0,0.0,1,1
4701098,2025-05-21,福荫韧豆腐380g,1.0,4.99,4.415929204,0.0,5.99,0.0,4.99,1.0,2,5,0,0,2,2025,140,2.0,1.0,5.0,1.0,2.0,1.2857142857142858,0.9511897312113409,3.0,0.0,1.7142857142857142,1.3827826698682315,5.0,0.0,1.4666666666666666,1.2793676598989858,5.0,0.0,-0.3999999999999999,5.0,29.5,32,27,0,5,0,0,0.0,0.0,0,0.0,0.0,0.0,1,1
4701098,2025-05-22,福荫韧豆腐380g,1.0,4.99,4.415929204,0.0,5.99,0.0,4.99,1.0,3,5,0,0,2,2025,141,1.0,1.0,1.0,2.0,1.0,1.2857142857142858,0.9511897312113409,3.0,0.0,1.6428571428571428,1.3926810257774183,5.0,0.0,1.4666666666666666,1.2793676598989858,5.0,0.0,-0.3571428571428571,1.0,30.5,33,28,0,5,0,0,0.0,0.0,0,0.0,0.0,0.0,2,1
4701098,2025-05-23,福荫韧豆腐380g,2.0,9.98,8.831858408,0.0,5.99,0.0,4.99,1.0,4,5,0,0,2,2025,142,1.0,2.0,3.0,3.0,1.0,1.1428571428571428,0.6900655593423525,2.0,0.0,1.5714285714285714,1.3424596091494911,5.0,0.0,1.5,1.2798167972341834,5.0,0.0,-0.4285714285714286,3.0,29.0,33,25,0,8,0,0,0.0,1.0,0,0.0,0.0,0.0,1,1
4701098,2025-05-24,福荫韧豆腐380g,0.0,0.0,,,5.990000000000002,0.0,,0.0,5,5,1,0,2,2025,143,2.0,1.0,0.0,1.0,1.0,1.1428571428571428,0.6900655593423525,2.0,0.0,1.5,1.4005493427717797,5.0,0.0,1.4666666666666666,1.3060425438846877,5.0,0.0,-0.3846153846153847,0.0,26.0,29,23,0,6,0,1,0.0,1.0,2,0.0,0.0,0.0,1,0
4701098,2025-05-25,福荫韧豆腐380g,3.0,16.5,14.601769910999998,0.0,5.989999999999999,0.0,5.5,1.0,6,5,1,1,2,2025,144,0.0,1.0,1.0,3.0,2.0,1.4285714285714286,0.9759000729485325,3.0,0.0,1.5,1.4005493427717797,5.0,0.0,1.5,1.3326147488923876,5.0,0.0,-0.09090909090909083,1.0,23.5,26,21,0,5,0,1,1.0,0.0,2,3.0,3.0,0.0,1,0
4701098,2025-05-26,福荫韧豆腐380g,3.0,16.5,14.601769910999998,0.0,5.989999999999999,0.0,5.5,1.0,0,5,0,1,2,2025,145,3.0,2.0,1.0,1.0,0.0,1.7142857142857142,1.1126972805283735,3.0,0.0,1.6428571428571428,1.4468609447374672,5.0,0.0,1.6,1.3287276776598411,5.0,0.0,0.09090909090909083,1.0,25.0,27,23,0,4,0,0,1.0,0.0,0,0.0,3.0,0.0,1,1
4701098,2025-05-27,福荫韧豆腐380g,1.0,5.5,4.867256637,0.0,5.99,0.0,5.5,1.0,1,5,0,1,2,2025,146,3.0,0.0,2.0,0.0,0.0,1.5714285714285714,1.1338934190276813,3.0,0.0,1.7142857142857142,1.3827826698682315,5.0,0.0,1.6333333333333333,1.299425160263738,5.0,0.0,-0.15384615384615385,2.0,27.0,30,24,0,6,0,0,0.0,0.0,0,0.0,1.0,0.0,1,1
4701098,2025-05-28,福荫韧豆腐380g,0.0,0.0,,,5.990000000000002,0.0,,0.0,2,5,0,1,2,2025,147,1.0,3.0,1.0,5.0,0.0,1.4285714285714286,1.272418020560703,3.0,0.0,1.3571428571428572,1.0818177620697829,3.0,0.0,1.6333333333333333,1.299425160263738,5.0,0.0,0.11111111111111116,1.0,25.5,28,23,0,5,0,0,0.0,0.0,0,0.0,0.0,0.0,1,1
4701098,2025-05-29,福荫韧豆腐380g,4.0,22.0,19.469026548,0.0,5.99,0.0,5.5,1.0,3,5,0,1,2,2025,148,0.0,3.0,1.0,1.0,1.0,1.8571428571428572,1.5735915849388864,4.0,0.0,1.5714285714285714,1.2838814775327398,4.0,0.0,1.7333333333333334,1.3628907749221213,5.0,0.0,0.4444444444444444,1.0,25.5,28,23,0,5,0,0,0.0,0.0,0,0.0,4.0,0.0,1,1
4701098,2025-05-30,福荫韧豆腐380g,4.0,22.0,19.469026548,0.0,5.989999999999999,0.0,5.5,1.0,4,5,0,1,2,2025,149,4.0,1.0,2.0,3.0,1.0,2.142857142857143,1.772810520855837,4.0,0.0,1.6428571428571428,1.3926810257774183,4.0,0.0,1.8333333333333333,1.4162440207947167,5.0,0.0,0.875,2.0,26.5,29,24,0,5,0,0,0.0,1.0,0,0.0,4.0,0.0,1,1
4701098,2025-05-31,福荫韧豆腐380g,3.0,16.5,14.601769910999998,0.0,5.989999999999999,0.0,5.5,1.0,5,5,1,1,2,2025,150,4.0,0.0,0.0,0.0,1.0,2.5714285714285716,1.5118578920369097,4.0,0.0,1.8571428571428572,1.350620533005413,4.0,0.0,1.9,1.4227220146727493,5.0,0.0,1.2500000000000004,0.0,27.0,29,25,0,4,0,1,0.0,1.0,3,3.0,3.0,0.0,1,0
4701098,2025-06-01,福荫韧豆腐380g,1.0,5.5,4.867256637,0.0,5.99,0.0,5.5,1.0,6,6,1,0,2,2025,151,3.0,4.0,3.0,1.0,1.0,2.2857142857142856,1.6035674514745466,4.0,0.0,1.8571428571428572,1.350620533005413,4.0,0.0,1.9,1.4227220146727493,5.0,0.0,0.5999999999999999,3.0,29.5,32,27,0,5,0,1,1.0,1.0,3,1.0,0.0,0.0,1,0
4701098,2025-06-02,福荫韧豆腐380g,1.0,5.5,4.867256637,0.0,5.99,0.0,5.5,1.0,0,6,0,0,2,2025,152,1.0,4.0,3.0,1.0,2.0,2.0,1.632993161855452,4.0,0.0,1.8571428571428572,1.350620533005413,4.0,0.0,1.8666666666666667,1.4319827906241338,5.0,0.0,0.16666666666666674,3.0,29.5,33,26,0,7,0,1,1.0,0.0,3,0.0,0.0,0.0,1,0
4701098,2025-06-03,福荫韧豆腐380g,0.0,0.0,,,5.990000000000002,0.0,,0.0,1,6,0,0,2,2025,153,1.0,3.0,1.0,2.0,1.0,1.8571428571428572,1.7728105208558365,4.0,0.0,1.7142857142857142,1.437335752680656,4.0,0.0,1.8333333333333333,1.4641305136221785,5.0,0.0,0.18181818181818188,1.0,27.5,30,25,0,5,0,0,1.0,0.0,0,0.0,0.0,0.0,1,1
4701098,2025-06-04,福荫韧豆腐380g,1.0,5.5,4.867256637,0.0,5.99,0.0,5.5,1.0,2,6,0,0,2,2025,154,0.0,1.0,0.0,1.0,5.0,2.0,1.632993161855452,4.0,0.0,1.7142857142857142,1.437335752680656,4.0,0.0,1.7,1.342925268159801,5.0,0.0,0.3999999999999999,0.0,27.0,28,26,0,2,0,0,0.0,0.0,0,0.0,0.0,0.0,1,1
4701098,2025-06-05,福荫韧豆腐380g,1.0,5.5,4.867256637,0.0,5.99,0.0,5.5,1.0,3,6,0,0,2,2025,155,1.0,1.0,4.0,1.0,2.0,1.5714285714285714,1.3972762620115433,4.0,0.0,1.7142857142857142,1.437335752680656,4.0,0.0,1.6666666666666667,1.3476245597431773,5.0,0.0,-0.15384615384615385,4.0,27.0,29,25,0,4,0,0,0.0,0.0,0,0.0,0.0,0.0,1,1
4701098,2025-06-06,福荫韧豆腐380g,1.0,5.5,4.867256637,0.0,5.99,0.0,5.5,1.0,4,6,0,0,2,2025,156,1.0,0.0,4.0,2.0,1.0,1.1428571428571428,0.899735410842436,3.0,0.0,1.6428571428571428,1.4468609447374672,4.0,0.0,1.6666666666666667,1.3476245597431773,5.0,0.0,-0.4666666666666667,4.0,29.5,33,26,0,7,0,0,0.0,1.0,0,0.0,0.0,0.0,1,1
4701098,2025-06-07,福荫韧豆腐380g,2.0,11.0,9.734513274,0.0,5.99,0.0,5.5,1.0,5,6,1,0,2,2025,157,1.0,1.0,3.0,0.0,2.0,1.0,0.5773502691896234,2.0,0.0,1.7857142857142858,1.3688047244316393,4.0,0.0,1.6666666666666667,1.3476245597431773,5.0,0.0,-0.6111111111111112,3.0,30.0,33,27,0,6,0,1,0.0,1.0,2,2.0,0.0,0.0,1,0
4701098,2025-06-08,福荫韧豆腐380g,0.0,0.0,,,5.990000000000002,0.0,,0.0,6,6,1,0,2,2025,158,2.0,1.0,1.0,3.0,3.0,0.8571428571428571,0.690065559342352,2.0,0.0,1.5714285714285714,1.3985864135061368,4.0,0.0,1.5666666666666667,1.3565507307349312,5.0,0.0,-0.625,1.0,30.5,34,27,0,7,0,1,1.0,0.0,2,0.0,0.0,0.0,2,0
4701098,2025-06-09,福荫韧豆腐380g,0.0,0.0,,,5.990000000000002,0.0,,0.0,0,6,0,0,2,2025,159,0.0,1.0,1.0,3.0,1.0,0.7142857142857143,0.7559289460184522,2.0,0.0,1.3571428571428572,1.3926810257774185,4.0,0.0,1.5333333333333334,1.3829836145670433,5.0,0.0,-0.6428571428571428,1.0,30.0,34,26,0,8,0,0,1.0,0.0,0,0.0,0.0,0.0,1,1
4701098,2025-06-10,福荫韧豆腐380g,0.0,0.0,,,5.990000000000002,0.0,,0.0,1,6,0,0,2,2025,160,0.0,2.0,0.0,1.0,3.0,0.7142857142857143,0.7559289460184522,2.0,0.0,1.2857142857142858,1.4373357526806565,4.0,0.0,1.4333333333333333,1.3817363722139095,5.0,0.0,-0.6153846153846154,0.0,30.5,34,27,0,7,0,0,0.0,0.0,0,0.0,0.0,0.0,2,1
4701098,2025-06-11,福荫韧豆腐380g,0.0,0.0,,,5.990000000000002,0.0,,0.0,2,6,0,0,2,2025,161,0.0,0.0,1.0,0.0,1.0,0.5714285714285714,0.7867957924694406,2.0,0.0,1.2857142857142858,1.4373357526806565,4.0,0.0,1.4,1.4044264997156146,5.0,0.0,-0.7142857142857143,1.0,29.5,33,26,0,7,0,0,0.0,0.0,0,0.0,0.0,0.0,1,1
4701098,2025-06-12,福荫韧豆腐380g,1.0,5.99,5.300884956,0.0,5.99,0.0,5.99,1.0,3,6,0,0,2,2025,162,0.0,0.0,1.0,4.0,0.0,0.5714285714285714,0.7867957924694406,2.0,0.0,1.0714285714285714,1.2066664642907583,4.0,0.0,1.4333333333333333,1.3817363722139095,5.0,0.0,-0.6363636363636364,1.0,28.5,31,26,0,5,0,0,0.0,0.0,0,0.0,0.0,0.0,1,1
4701098,2025-06-13,福荫韧豆腐380g,0.0,0.0,,,5.990000000000002,0.0,,0.0,4,6,0,0,2,2025,163,1.0,0.0,1.0,4.0,5.0,0.42857142857142855,0.7867957924694404,2.0,0.0,0.7857142857142857,0.8925823753039835,3.0,0.0,1.2666666666666666,1.2298957997167586,4.0,0.0,-0.625,1.0,28.5,31,26,0,5,0,0,0.0,1.0,0,0.0,0.0,0.0,1,1
4701098,2025-06-14,福荫韧豆腐380g,1.0,5.99,5.300884956,0.0,5.99,0.0,5.99,1.0,5,6,1,0,2,2025,164,0.0,0.0,2.0,3.0,1.0,0.2857142857142857,0.48795003647426166,1.0,0.0,0.6428571428571429,0.633323693776655,2.0,0.0,1.2666666666666666,1.2298957997167586,4.0,0.0,-0.7142857142857143,2.0,27.5,30,25,0,5,0,1,0.0,1.0,2,1.0,0.0,0.0,1,0
4701098,2025-06-15,福荫韧豆腐380g,1.0,5.99,5.300884956,0.0,5.99,0.0,5.99,1.0,6,6,1,0,2,2025,165,1.0,1.0,0.0,1.0,3.0,0.42857142857142855,0.5345224838248447,1.0,0.0,0.6428571428571429,0.633323693776655,2.0,0.0,1.2,1.1861267013789645,4.0,0.0,-0.5,0.0,29.0,31,27,0,4,0,1,1.0,0.0,2,1.0,0.0,0.0,1,0
4701098,2025-06-16,福荫韧豆腐380g,0.0,0.0,,,5.990000000000002,0.0,,0.0,0,6,0,0,2,2025,166,1.0,0.0,0.0,1.0,0.0,0.42857142857142855,0.5345224838248447,1.0,0.0,0.5714285714285714,0.6462061726588681,2.0,0.0,1.2,1.1861267013789645,4.0,0.0,-0.4,0.0,28.0,31,25,0,6,0,0,1.0,0.0,0,0.0,0.0,0.0,1,1
4701098,2025-06-17,福荫韧豆腐380g,0.0,0.0,,,5.990000000000002,0.0,,0.0,1,6,0,0,2,2025,167,0.0,1.0,0.0,0.0,1.0,0.42857142857142855,0.5345224838248447,1.0,0.0,0.5714285714285714,0.6462061726588681,2.0,0.0,1.1666666666666667,1.2058287558794378,4.0,0.0,-0.4,0.0,27.5,29,26,0,3,0,0,0.0,0.0,0,0.0,0.0,0.0,1,1
4701098,2025-06-18,福荫韧豆腐380g,1.0,5.99,5.300884956,0.0,5.99,0.0,5.99,1.0,2,6,0,0,2,2025,168,0.0,1.0,0.0,1.0,1.0,0.5714285714285714,0.534522483824845,1.0,0.0,0.5714285714285714,0.6462061726588681,2.0,0.0,1.1666666666666667,1.2058287558794378,4.0,0.0,0.0,0.0,28.5,31,26,0,5,0,0,0.0,0.0,0,0.0,0.0,0.0,1,1
4701098,2025-06-19,福荫韧豆腐380g,1.0,5.99,5.300884956,0.0,5.99,0.0,5.99,1.0,3,6,0,0,2,2025,169,1.0,0.0,1.0,1.0,2.0,0.5714285714285714,0.534522483824845,1.0,0.0,0.5714285714285714,0.6462061726588681,2.0,0.0,1.1333333333333333,1.1957780134587146,4.0,0.0,0.0,1.0,29.5,32,27,0,5,0,0,0.0,0.0,0,0.0,0.0,0.0,1,1
4701098,2025-06-20,福荫韧豆腐380g,1.0,5.99,4.663716814,0.72,5.99,1.0,5.2700000000000005,0.8797996661101837,4,6,0,0,2,2025,170,1.0,0.0,0.0,1.0,1.0,0.7142857142857143,0.4879500364742629,1.0,0.0,0.5714285714285714,0.6462061726588681,2.0,0.0,1.1333333333333333,1.1957780134587146,4.0,0.0,0.6666666666666667,0.0,29.0,31,27,0,4,0,0,0.0,1.0,0,0.0,0.0,0.0,1,1
4701098,2025-06-21,福荫韧豆腐380g,12.0,71.88,63.610619465999996,0.0,5.99,0.0,5.989999999999999,1.0,5,6,1,0,2,2025,171,1.0,1.0,1.0,2.0,1.0,2.2857142857142856,4.3094580368566735,12.0,0.0,1.2857142857142858,3.123818457952024,12.0,0.0,1.5,2.3156141659432916,12.0,0.0,7.0,1.0,29.0,31,27,0,4,0,1,0.0,1.0,2,12.0,0.0,0.0,1,0
4701098,2025-06-22,福荫韧豆腐380g,1.0,5.99,5.300884956,0.0,5.99,0.0,5.99,1.0,6,6,1,0,2,2025,172,12.0,1.0,1.0,0.0,2.0,2.2857142857142856,4.3094580368566735,12.0,0.0,1.3571428571428572,3.103525113780801,12.0,0.0,1.4666666666666666,2.3153659624840928,12.0,0.0,4.333333333333333,1.0,29.5,32,27,0,5,0,1,1.0,0.0,2,1.0,0.0,0.0,1,0
4701098,2025-06-23,福荫韧豆腐380g,0.0,0.0,,,5.990000000000002,0.0,,0.0,0,6,0,0,2,2025,173,1.0,1.0,0.0,0.0,0.0,2.2857142857142856,4.3094580368566735,12.0,0.0,1.3571428571428572,3.103525113780801,12.0,0.0,1.4666666666666666,2.3153659624840928,12.0,0.0,4.333333333333333,0.0,30.0,33,27,0,6,0,0,1.0,0.0,0,0.0,0.0,0.0,1,1
4701098,2025-06-24,福荫韧豆腐380g,0.0,0.0,,,5.990000000000002,0.0,,0.0,1,6,0,0,2,2025,174,0.0,12.0,0.0,0.0,3.0,2.2857142857142856,4.3094580368566735,12.0,0.0,1.3571428571428572,3.103525113780801,12.0,0.0,1.3666666666666667,2.311639712610844,12.0,0.0,4.333333333333333,0.0,29.5,33,26,0,7,0,0,0.0,0.0,0,0.0,0.0,0.0,1,1
4701098,2025-06-25,福荫韧豆腐380g,1.0,5.99,5.300884956,0.0,5.99,0.0,5.99,1.0,2,6,0,1,2,2025,175,0.0,1.0,1.0,0.0,3.0,2.2857142857142856,4.3094580368566735,12.0,0.0,1.4285714285714286,3.0813155460785735,12.0,0.0,1.3,2.2916640543349804,12.0,0.0,3.0,1.0,30.0,34,26,0,8,0,0,0.0,0.0,0,0.0,1.0,0.0,1,1
4701098,2025-06-26,福荫韧豆腐380g,1.0,5.99,5.300884956,0.0,5.99,0.0,5.99,1.0,3,6,0,1,2,2025,176,1.0,0.0,1.0,1.0,1.0,2.2857142857142856,4.3094580368566735,12.0,0.0,1.4285714285714286,3.0813155460785735,12.0,0.0,1.3,2.2916640543349804,12.0,0.0,3.0,1.0,28.5,31,26,0,5,0,0,0.0,0.0,0,0.0,1.0,0.0,1,1
4701098,2025-06-27,福荫韧豆腐380g,1.0,5.99,5.300884956,0.0,5.99,0.0,5.99,1.0,4,6,0,1,2,2025,177,1.0,0.0,1.0,0.0,0.0,2.2857142857142856,4.3094580368566735,12.0,0.0,1.5,3.057147992190409,12.0,0.0,1.3333333333333333,2.2793425145972646,12.0,0.0,2.1999999999999997,1.0,28.0,31,25,0,6,0,0,0.0,1.0,0,0.0,1.0,0.0,1,1
4701098,2025-06-28,福荫韧豆腐380g,2.0,11.98,10.601769912,0.0,5.99,0.0,5.99,1.0,5,6,1,1,2,2025,178,1.0,1.0,12.0,1.0,4.0,0.8571428571428571,0.6900655593423539,2.0,0.0,1.5714285714285714,3.056249227510633,12.0,0.0,1.2666666666666666,2.227312178440618,12.0,0.0,-0.625,12.0,28.0,31,25,0,6,0,1,0.0,1.0,2,2.0,2.0,0.0,1,0
4701098,2025-06-29,福荫韧豆腐380g,3.0,17.97,15.902654867999999,0.0,5.989999999999999,0.0,5.989999999999999,1.0,6,6,1,1,2,2025,179,2.0,1.0,1.0,1.0,4.0,1.1428571428571428,1.0690449676496978,3.0,0.0,1.7142857142857142,3.0741745966274348,12.0,0.0,1.2333333333333334,2.1922014338187052,12.0,0.0,-0.5,1.0,28.5,31,26,0,5,0,1,1.0,0.0,2,3.0,3.0,0.0,1,0
4701098,2025-06-30,福荫韧豆腐380g,2.0,11.98,10.601769912,0.0,5.99,0.0,5.99,1.0,0,6,0,1,2,2025,180,3.0,1.0,0.0,0.0,3.0,1.4285714285714286,0.9759000729485338,3.0,0.0,1.8571428571428572,3.034599019440824,12.0,0.0,1.2,2.1719211264017737,12.0,0.0,-0.375,0.0,28.5,31,26,0,5,0,0,1.0,0.0,0,0.0,2.0,0.0,1,1
4701098,2025-07-01,福荫韧豆腐380g,1.0,5.99,5.300884956,0.0,5.99,0.0,5.99,1.0,1,7,0,0,3,2025,181,2.0,2.0,0.0,0.0,1.0,1.5714285714285714,0.7867957924694441,3.0,1.0,1.9285714285714286,2.999084109274946,12.0,0.0,1.2,2.1719211264017737,12.0,0.0,-0.3125,0.0,28.5,31,26,0,5,0,0,0.0,0.0,0,0.0,0.0,0.0,1,1
4701098,2025-07-02,福荫韧豆腐380g,0.0,0.0,,,5.990000000000002,0.0,,0.0,2,7,0,0,3,2025,182,1.0,3.0,1.0,1.0,1.0,1.4285714285714286,0.9759000729485338,3.0,0.0,1.8571428571428572,3.034599019440824,12.0,0.0,1.1666666666666667,2.1827431860143234,12.0,0.0,-0.375,1.0,29.0,32,26,0,6,0,0,0.0,0.0,0,0.0,0.0,0.0,1,1
4701098,2025-07-03,福荫韧豆腐380g,0.0,0.0,,,5.990000000000002,0.0,,0.0,3,7,0,0,3,2025,183,0.0,2.0,1.0,1.0,0.0,1.2857142857142858,1.112697280528374,3.0,0.0,1.7857142857142858,3.0679126311040728,12.0,0.0,1.1666666666666667,2.1827431860143234,12.0,0.0,-0.4374999999999999,1.0,30.5,34,27,0,7,0,0,0.0,0.0,0,0.0,0.0,0.0,2,1
4701098,2025-07-04,福荫韧豆腐380g,0.0,0.0,,,5.990000000000002,0.0,,0.0,4,7,0,0,3,2025,184,0.0,1.0,1.0,1.0,1.0,1.1428571428571428,1.214985792587912,3.0,0.0,1.7142857142857142,3.099095933396643,12.0,0.0,1.1333333333333333,2.1929877797878525,12.0,0.0,-0.5,1.0,31.0,34,28,0,6,0,0,0.0,1.0,0,0.0,0.0,0.0,2,1
4701098,2025-07-05,福荫韧豆腐380g,0.0,0.0,,,5.990000000000002,0.0,,0.0,5,7,1,0,3,2025,185,0.0,0.0,2.0,12.0,1.0,0.8571428571428571,1.2149857925879115,3.0,0.0,0.8571428571428571,0.949262293098649,3.0,0.0,1.1,2.2026629651244964,12.0,0.0,0.0,2.0,31.5,35,28,0,7,0,1,0.0,1.0,2,0.0,0.0,0.0,2,0
4701098,2025-07-06,福荫韧豆腐380g,2.0,11.98,10.601769912,0.0,5.99,0.0,5.99,1.0,6,7,1,0,3,2025,186,0.0,0.0,3.0,1.0,1.0,0.7142857142857143,0.9511897312113414,2.0,0.0,0.9285714285714286,0.9972489631508766,3.0,0.0,1.1333333333333333,2.208655907908752,12.0,0.0,-0.375,3.0,31.0,35,27,0,8,0,1,1.0,0.0,2,2.0,0.0,0.0,2,0
4701098,2025-07-07,福荫韧豆腐380g,2.0,11.98,10.601769912,0.0,5.99,0.0,5.99,1.0,0,7,0,0,3,2025,187,2.0,0.0,2.0,0.0,2.0,0.7142857142857143,0.9511897312113414,2.0,0.0,1.0714285714285714,0.9972489631508765,3.0,0.0,1.1333333333333333,2.208655907908752,12.0,0.0,-0.5,2.0,31.0,34,28,0,6,0,0,1.0,0.0,0,0.0,0.0,0.0,2,1
4701098,2025-07-08,福荫韧豆腐380g,0.0,0.0,,,5.990000000000002,0.0,,0.0,1,7,0,0,3,2025,188,2.0,0.0,1.0,0.0,0.0,0.5714285714285714,0.9759000729485325,2.0,0.0,1.0714285714285714,0.9972489631508765,3.0,0.0,1.1333333333333333,2.208655907908752,12.0,0.0,-0.6363636363636364,1.0,30.5,33,28,0,5,0,0,0.0,0.0,0,0.0,0.0,0.0,2,1
4701098,2025-07-09,福荫韧豆腐380g,1.0,5.99,5.300884956,0.0,5.99,0.0,5.99,1.0,2,7,0,0,3,2025,189,0.0,2.0,0.0,1.0,0.0,0.7142857142857143,0.9511897312113414,2.0,0.0,1.0714285714285714,0.9972489631508765,3.0,0.0,1.1666666666666667,2.1984843263788205,12.0,0.0,-0.5,0.0,30.5,35,26,0,9,0,0,0.0,0.0,0,0.0,0.0,0.0,2,1
4701098,2025-07-10,福荫韧豆腐380g,3.0,17.97,15.902654867999999,0.0,5.989999999999999,0.0,5.989999999999999,1.0,3,7,0,0,3,2025,190,1.0,2.0,0.0,1.0,0.0,1.1428571428571428,1.2149857925879117,3.0,0.0,1.2142857142857142,1.121713759495604,3.0,0.0,1.2666666666666666,2.211776214491084,12.0,0.0,-0.11111111111111127,0.0,27.0,29,25,0,4,0,0,0.0,0.0,0,0.0,0.0,0.0,1,1
4701098,2025-07-11,福荫韧豆腐380g,3.0,17.97,15.902654867999999,0.0,5.989999999999999,0.0,5.989999999999999,1.0,4,7,0,0,3,2025,191,3.0,0.0,0.0,1.0,0.0,1.5714285714285714,1.272418020560704,3.0,0.0,1.3571428571428572,1.2157392722216311,3.0,0.0,1.3666666666666667,2.2203344472108855,12.0,0.0,0.375,0.0,28.0,31,25,0,6,0,0,0.0,1.0,0,0.0,0.0,0.0,1,1
4701098,2025-07-12,福荫韧豆腐380g,2.0,11.98,10.601769912,0.0,5.99,0.0,5.99,1.0,5,7,1,0,3,2025,192,3.0,1.0,0.0,2.0,1.0,1.8571428571428572,1.0690449676496987,3.0,0.0,1.3571428571428572,1.2157392722216311,3.0,0.0,1.4,2.2221455925485087,12.0,0.0,1.166666666666667,0.0,28.5,31,26,0,5,0,1,0.0,1.0,2,2.0,0.0,0.0,1,0
4701098,2025-07-13,福荫韧豆腐380g,0.0,0.0,,,5.990000000000002,0.0,,0.0,6,7,1,0,3,2025,193,2.0,3.0,2.0,3.0,0.0,1.5714285714285714,1.272418020560704,3.0,0.0,1.1428571428571428,1.1673205911990785,3.0,0.0,1.4,2.2221455925485087,12.0,0.0,1.1999999999999997,2.0,30.0,33,27,0,6,0,1,1.0,0.0,2,0.0,0.0,0.0,1,0
4701098,2025-07-14,福荫韧豆腐380g,1.0,5.99,5.300884956,0.0,5.99,0.0,5.99,1.0,0,7,0,0,3,2025,194,0.0,3.0,2.0,2.0,1.0,1.4285714285714286,1.272418020560704,3.0,0.0,1.0714285714285714,1.1411388181101394,3.0,0.0,1.4,2.2221455925485087,12.0,0.0,1.0,2.0,30.5,33,28,0,5,0,0,1.0,0.0,0,0.0,0.0,0.0,2,1
4701098,2025-07-15,福荫韧豆腐380g,1.0,5.99,5.300884956,0.0,5.99,0.0,5.99,1.0,1,7,0,0,3,2025,195,1.0,2.0,0.0,1.0,1.0,1.5714285714285714,1.1338934190276824,3.0,0.0,1.0714285714285714,1.1411388181101394,3.0,0.0,1.4,2.2221455925485087,12.0,0.0,1.75,0.0,30.5,33,28,0,5,0,0,0.0,0.0,0,0.0,0.0,0.0,2,1
4701098,2025-07-16,福荫韧豆腐380g,2.0,11.98,10.601769912,0.0,5.99,0.0,5.99,1.0,2,7,0,0,3,2025,196,1.0,0.0,1.0,0.0,0.0,1.7142857142857142,1.1126972805283744,3.0,0.0,1.2142857142857142,1.121713759495604,3.0,0.0,1.4666666666666666,2.208655907908752,12.0,0.0,1.4,1.0,31.0,34,28,0,6,0,0,0.0,0.0,0,0.0,0.0,0.0,2,1
4701098,2025-07-17,福荫韧豆腐380g,2.0,11.98,10.601769912,0.0,5.99,0.0,5.99,1.0,3,7,0,0,3,2025,197,2.0,1.0,3.0,0.0,0.0,1.5714285714285714,0.9759000729485339,3.0,0.0,1.3571428571428572,1.081817762069783,3.0,0.0,1.5333333333333334,2.192987779787852,12.0,0.0,0.375,3.0,31.5,35,28,0,7,0,0,0.0,0.0,0,0.0,0.0,0.0,2,1
4701098,2025-07-18,福荫韧豆腐380g,2.0,11.98,10.601769912,0.0,5.99,0.0,5.99,1.0,4,7,0,0,3,2025,198,2.0,1.0,3.0,0.0,1.0,1.4285714285714286,0.7867957924694438,2.0,0.0,1.5,1.0190493307301378,3.0,0.0,1.5666666666666667,2.192201433818705,12.0,0.0,-0.09090909090909083,3.0,30.0,33,27,0,6,0,0,0.0,1.0,0,0.0,0.0,0.0,1,1
4701098,2025-07-19,福荫韧豆腐380g,1.0,5.99,5.300884956,0.0,5.99,0.0,5.99,1.0,5,7,1,0,3,2025,199,2.0,2.0,2.0,0.0,1.0,1.2857142857142858,0.755928946018455,2.0,0.0,1.5714285714285714,0.9376144618769926,3.0,0.0,1.5666666666666667,2.192201433818705,12.0,0.0,-0.3076923076923077,2.0,30.5,35,26,0,9,0,1,0.0,1.0,2,1.0,0.0,0.0,2,0
4701098,2025-07-20,福荫韧豆腐380g,8.0,47.92,37.309734512,5.76,5.99,1.0,5.2700000000000005,0.8797996661101837,6,7,1,0,3,2025,200,1.0,2.0,0.0,2.0,1.0,2.4285714285714284,2.5071326821120357,8.0,1.0,2.0,1.9611613513818411,8.0,0.0,1.8,2.4830459603840023,12.0,0.0,0.5454545454545454,0.0,27.5,29,26,0,3,0,1,1.0,0.0,2,9.092979127134724,0.0,0.0,1,0
4701098,2025-07-21,福荫韧豆腐380g,4.0,23.96,21.203539824,0.0,5.99,0.0,5.99,1.0,0,7,0,0,3,2025,201,8.0,2.0,1.0,2.0,12.0,2.857142857142857,2.4784787961282113,8.0,1.0,2.142857142857143,2.0326997151247244,8.0,0.0,1.5333333333333334,1.6344003083137542,8.0,0.0,1.0,1.0,27.0,29,25,0,4,0,0,1.0,0.0,0,0.0,0.0,0.0,1,1
4701098,2025-07-22,福荫韧豆腐380g,1.0,5.99,5.300884956,0.0,5.99,0.0,5.99,1.0,1,7,0,0,3,2025,202,4.0,1.0,1.0,0.0,1.0,2.857142857142857,2.4784787961282113,8.0,1.0,2.2142857142857144,1.9681530361296544,8.0,0.0,1.5333333333333334,1.6344003083137542,8.0,0.0,0.8181818181818183,1.0,28.5,31,26,0,5,0,0,0.0,0.0,0,0.0,0.0,0.0,1,1
4701098,2025-07-23,福荫韧豆腐380g,4.0,23.96,21.203539824,0.0,5.99,0.0,5.99,1.0,2,7,0,0,3,2025,203,1.0,8.0,2.0,1.0,0.0,3.142857142857143,2.4784787961282113,8.0,1.0,2.4285714285714284,1.9889806323953882,8.0,0.0,1.6666666666666667,1.6678156958735881,8.0,0.0,0.8333333333333335,2.0,29.5,32,27,0,5,0,0,0.0,0.0,0,0.0,0.0,0.0,1,1
4701098,2025-07-24,福荫韧豆腐380g,0.0,0.0,,,5.990000000000002,0.0,,0.0,3,7,0,0,3,2025,204,4.0,4.0,2.0,3.0,0.0,2.857142857142857,2.73426232761059,8.0,0.0,2.2142857142857144,2.0821058655036824,8.0,0.0,1.6666666666666667,1.6678156958735881,8.0,0.0,0.8181818181818183,2.0,30.5,34,27,0,7,0,0,0.0,0.0,0,0.0,0.0,0.0,2,1
4701098,2025-07-25,福荫韧豆腐380g,4.0,23.96,21.203539824,0.0,5.99,0.0,5.99,1.0,4,7,0,1,3,2025,205,0.0,1.0,2.0,3.0,1.0,3.142857142857143,2.7342623276105904,8.0,0.0,2.2857142857142856,2.127785827444231,8.0,0.0,1.7666666666666666,1.71571505819572,8.0,0.0,1.1999999999999997,2.0,31.0,34,28,0,6,0,0,0.0,1.0,0,0.0,4.0,0.0,2,1
4701098,2025-07-26,福荫韧豆腐380g,5.0,29.950000000000003,26.50442478,0.0,5.99,0.0,5.99,1.0,5,7,1,1,3,2025,206,4.0,4.0,1.0,2.0,1.0,3.7142857142857144,2.6276913640612194,8.0,0.0,2.5,2.2446517632945966,8.0,0.0,1.9,1.8070742213255415,8.0,0.0,1.8888888888888888,1.0,30.0,33,27,0,6,0,1,0.0,1.0,2,5.0,5.0,0.0,1,0
4701098,2025-07-27,福荫韧豆腐380g,5.0,29.950000000000003,23.849557523,3.0,5.99,1.0,5.390000000000001,0.8998330550918197,6,7,1,1,3,2025,207,5.0,0.0,8.0,0.0,1.0,3.2857142857142856,1.9760470401187091,5.0,0.0,2.857142857142857,2.2138425646596698,8.0,0.0,2.033333333333333,1.8842968748696898,8.0,0.0,0.3529411764705883,8.0,30.5,34,27,0,7,0,1,1.0,0.0,2,5.5565862708719855,5.5565862708719855,0.0,2,0
4701098,2025-07-28,福荫韧豆腐380g,2.0,11.98,10.601769912,0.0,5.99,0.0,5.99,1.0,0,7,0,1,3,2025,208,5.0,4.0,4.0,1.0,2.0,3.0,2.0000000000000013,5.0,0.0,2.9285714285714284,2.1649048909393662,8.0,0.0,2.033333333333333,1.8842968748696898,8.0,0.0,0.050000000000000044,4.0,29.0,32,26,0,6,0,0,1.0,0.0,0,0.0,2.0,0.0,1,1
4701098,2025-07-29,福荫韧豆腐380g,1.0,5.99,5.300884956,0.0,5.99,0.0,5.99,1.0,1,7,0,1,3,2025,209,2.0,5.0,1.0,1.0,3.0,3.0,2.0000000000000013,5.0,0.0,2.9285714285714284,2.1649048909393662,8.0,0.0,1.9666666666666666,1.8842968748696898,8.0,0.0,0.050000000000000044,1.0,28.5,31,26,0,5,0,0,0.0,0.0,0,0.0,1.0,0.0,1,1
4701098,2025-07-30,福荫韧豆腐380g,1.0,5.99,5.300884956,0.0,5.99,0.0,5.99,1.0,2,7,0,1,3,2025,210,1.0,5.0,4.0,2.0,2.0,2.5714285714285716,2.070196678027064,5.0,0.0,2.857142857142857,2.2138425646596698,8.0,0.0,1.9333333333333333,1.8925139881655564,8.0,0.0,-0.18181818181818177,4.0,29.5,33,26,0,7,0,0,0.0,0.0,0,0.0,1.0,0.0,1,1
4701098,2025-07-31,福荫韧豆腐380g,1.0,5.99,5.300884956,0.0,5.99,0.0,5.99,1.0,3,7,0,1,3,2025,211,1.0,2.0,0.0,2.0,1.0,2.7142857142857144,1.8898223650461377,5.0,1.0,2.7857142857142856,2.2592909516916158,8.0,0.0,1.9333333333333333,1.8925139881655564,8.0,0.0,-0.04999999999999993,0.0,28.5,32,25,0,7,0,0,0.0,0.0,0,0.0,1.0,0.0,1,1
4701098,2025-08-01,福荫韧豆腐380g,2.0,11.98,10.601769912,0.0,5.99,0.0,5.99,1.0,4,8,0,0,3,2025,212,1.0,1.0,4.0,2.0,0.0,2.4285714285714284,1.812653934349933,5.0,1.0,2.7857142857142856,2.2592909516916158,8.0,0.0,2.0,1.8569533817705188,8.0,0.0,-0.2272727272727273,4.0,28.5,32,25,0,7,0,0,0.0,1.0,0,0.0,0.0,0.0,1,1
4701098,2025-08-02,福荫韧豆腐380g,4.0,23.96,21.203539824,0.0,5.99,0.0,5.99,1.0,5,8,1,0,3,2025,213,2.0,1.0,5.0,1.0,0.0,2.2857142857142856,1.603567451474548,5.0,1.0,3.0,2.218800784900917,8.0,0.0,2.1333333333333333,1.8519948859193065,8.0,0.0,-0.3846153846153847,5.0,28.0,31,25,0,6,0,1,0.0,1.0,2,4.0,0.0,0.0,1,0
4701098,2025-08-03,福荫韧豆腐380g,0.0,0.0,,,5.990000000000002,0.0,,0.0,6,8,1,0,3,2025,214,4.0,1.0,5.0,8.0,0.0,1.5714285714285714,1.2724180205607056,4.0,0.0,2.4285714285714284,1.8277470669267517,5.0,0.0,2.1333333333333333,1.8519948859193065,8.0,0.0,-0.5217391304347826,5.0,28.0,30,26,0,4,0,1,1.0,0.0,2,0.0,0.0,0.0,1,0
4701098,2025-08-04,福荫韧豆腐380g,3.0,17.97,15.902654867999999,0.0,5.989999999999999,0.0,5.989999999999999,1.0,0,8,0,0,3,2025,215,0.0,2.0,2.0,4.0,0.0,1.7142857142857142,1.3801311186847105,4.0,0.0,2.357142857142857,1.780541959721723,5.0,0.0,2.2333333333333334,1.8134237638032753,8.0,0.0,-0.4285714285714286,2.0,27.0,29,25,0,4,0,0,1.0,0.0,0,0.0,0.0,0.0,1,1
4701098,2025-08-05,福荫韧豆腐380g,6.0,35.94,31.805309735999998,0.0,5.989999999999999,0.0,5.989999999999999,1.0,1,8,0,0,3,2025,216,3.0,4.0,1.0,1.0,2.0,2.4285714285714284,2.070196678027064,6.0,0.0,2.7142857142857144,1.9778998741311238,6.0,0.0,2.3666666666666667,1.9384197853839134,8.0,0.0,-0.19047619047619058,1.0,27.5,30,25,0,5,0,0,0.0,0.0,0,0.0,0.0,0.0,1,1
4701098,2025-08-06,福荫韧豆腐380g,3.0,17.97,13.247787611,3.0,5.989999999999999,1.0,4.989999999999999,0.8330550918196995,2,8,0,0,3,2025,217,6.0,0.0,1.0,4.0,2.0,2.7142857142857144,1.9760470401187091,6.0,0.0,2.642857142857143,1.9456912102680344,6.0,0.0,2.4,1.9404940714620365,8.0,0.0,0.05555555555555558,1.0,27.0,28,26,0,2,0,0,0.0,0.0,0,0.0,0.0,0.0,1,1
4701098,2025-08-07,福荫韧豆腐380g,1.0,5.99,5.300884956,0.0,5.99,0.0,5.99,1.0,3,8,0,0,3,2025,218,3.0,3.0,1.0,0.0,0.0,2.7142857142857144,1.9760470401187091,6.0,0.0,2.7142857142857144,1.8575654633281309,6.0,0.0,2.433333333333333,1.9061304607327731,8.0,0.0,0.0,1.0,27.0,28,26,0,2,0,0,0.0,0.0,0,0.0,0.0,0.0,1,1
4701098,2025-08-08,福荫韧豆腐380g,0.0,0.0,,,5.990000000000002,0.0,,0.0,4,8,0,0,3,2025,219,1.0,6.0,2.0,4.0,1.0,2.4285714285714284,2.2253945610567487,6.0,0.0,2.4285714285714284,1.9499225118444592,6.0,0.0,2.4,1.9404940714620365,8.0,0.0,0.0,2.0,26.5,28,25,0,3,0,0,0.0,1.0,0,0.0,0.0,0.0,1,1
4701098,2025-08-09,福荫韧豆腐380g,2.0,11.98,10.601769912,0.0,5.99,0.0,5.99,1.0,5,8,1,0,3,2025,220,0.0,3.0,4.0,5.0,3.0,2.142857142857143,2.1157009420498167,6.0,0.0,2.2142857142857144,1.8050600428356285,6.0,0.0,2.3666666666666667,1.9384197853839134,8.0,0.0,-0.0625,4.0,27.0,28,26,0,2,0,1,0.0,1.0,2,2.0,0.0,0.0,1,0
4701098,2025-08-10,福荫韧豆腐380g,4.0,23.96,18.548672567,3.0,5.99,1.0,5.24,0.8747913188647747,6,8,1,0,3,2025,221,2.0,1.0,0.0,5.0,3.0,2.7142857142857144,1.9760470401187091,6.0,0.0,2.142857142857143,1.7032612545052812,6.0,0.0,2.4,1.9581835354789117,8.0,0.0,0.7272727272727273,0.0,26.5,28,25,0,3,0,1,1.0,0.0,2,4.572519083969465,0.0,0.0,1,0
4701098,2025-08-11,福荫韧豆腐380g,1.0,5.99,5.300884956,0.0,5.99,0.0,5.99,1.0,0,8,0,0,3,2025,222,4.0,0.0,3.0,2.0,2.0,2.4285714285714284,2.0701966780270644,6.0,0.0,2.0714285714285716,1.7304639535412167,6.0,0.0,2.3666666666666667,1.973677354293395,8.0,0.0,0.41666666666666674,3.0,27.0,28,26,0,2,0,0,1.0,0.0,0,0.0,0.0,0.0,1,1
4701098,2025-08-12,福荫韧豆腐380g,0.0,0.0,,,5.990000000000002,0.0,,0.0,1,8,0,0,3,2025,223,1.0,2.0,6.0,1.0,0.0,1.5714285714285714,1.5118578920369115,4.0,0.0,2.0,1.7974340685458352,6.0,0.0,2.3666666666666667,1.973677354293395,8.0,0.0,-0.3529411764705882,6.0,27.0,28,26,0,2,0,0,0.0,0.0,0,0.0,0.0,0.0,1,1
4701098,2025-08-13,福荫韧豆腐380g,0.0,0.0,,,5.990000000000002,0.0,,0.0,2,8,0,0,3,2025,224,0.0,4.0,3.0,1.0,1.0,1.1428571428571428,1.4638501094228022,4.0,0.0,1.9285714285714286,1.8590438284354565,6.0,0.0,2.3333333333333335,2.005738892714385,8.0,0.0,-0.5789473684210527,3.0,27.5,29,26,0,3,0,0,0.0,0.0,0,0.0,0.0,0.0,1,1
4701098,2025-08-14,福荫韧豆腐380g,0.0,0.0,,,5.990000000000002,0.0,,0.0,3,8,0,0,3,2025,225,0.0,1.0,1.0,1.0,1.0,1.0,1.5275252316519492,4.0,0.0,1.8571428571428572,1.9158104473902613,6.0,0.0,2.3,2.0367316617730884,8.0,0.0,-0.631578947368421,1.0,25.5,26,25,0,1,0,0,0.0,0.0,0,0.0,0.0,0.0,1,1
4701098,2025-08-15,福荫韧豆腐380g,2.0,11.98,10.601769912,0.0,5.99,0.0,5.99,1.0,4,8,0,0,3,2025,226,0.0,0.0,0.0,2.0,2.0,1.2857142857142858,1.4960264830861938,4.0,0.0,1.8571428571428572,1.9158104473902613,6.0,0.0,2.3,2.0367316617730884,8.0,0.0,-0.47058823529411753,0.0,26.5,28,25,0,3,0,0,0.0,1.0,0,0.0,0.0,0.0,1,1
4701098,2025-08-16,福荫韧豆腐380g,5.0,29.950000000000003,26.50442478,0.0,5.99,0.0,5.99,1.0,5,8,1,0,3,2025,227,2.0,0.0,2.0,4.0,2.0,1.7142857142857142,2.0586634591635526,5.0,0.0,1.9285714285714286,2.017778127403649,6.0,0.0,2.4,2.094327313614499,8.0,0.0,-0.20000000000000007,2.0,27.0,28,26,0,2,0,1,0.0,1.0,2,5.0,0.0,0.0,1,0
4701098,2025-08-17,福荫韧豆腐380g,3.0,17.97,15.902654867999999,0.0,5.989999999999999,0.0,5.989999999999999,1.0,6,8,1,0,3,2025,228,5.0,0.0,4.0,0.0,2.0,1.5714285714285714,1.9023794624226855,5.0,0.0,2.142857142857143,1.9555500055421304,6.0,0.0,2.433333333333333,2.0956989342433006,8.0,0.0,-0.42105263157894746,4.0,25.0,26,24,0,2,0,1,1.0,0.0,2,3.0,0.0,0.0,1,0
4701098,2025-08-18,福荫韧豆腐380g,2.0,11.98,10.601769912,0.0,5.99,0.0,5.99,1.0,0,8,0,0,3,2025,229,3.0,2.0,1.0,3.0,1.0,1.7142857142857142,1.889822365046138,5.0,0.0,2.0714285714285716,1.9400351192017804,6.0,0.0,2.466666666666667,2.0800088417141875,8.0,0.0,-0.2941176470588235,1.0,25.0,26,24,0,2,0,0,1.0,0.0,0,0.0,0.0,0.0,1,1
4701098,2025-08-19,福荫韧豆腐380g,1.0,5.99,5.300884956,0.0,5.99,0.0,5.99,1.0,1,8,0,0,3,2025,230,2.0,5.0,0.0,6.0,8.0,1.8571428571428572,1.7728105208558387,5.0,0.0,1.7142857142857142,1.5898026693500455,5.0,0.0,2.2333333333333334,1.8134237638032753,6.0,0.0,0.18181818181818188,0.0,26.5,28,25,0,3,0,0,0.0,0.0,0,0.0,0.0,0.0,1,1
4701098,2025-08-20,福荫韧豆腐380g,2.0,11.98,9.327433628,1.44,5.99,1.0,5.2700000000000005,0.8797996661101837,2,8,0,0,3,2025,231,1.0,3.0,0.0,3.0,4.0,2.142857142857143,1.5735915849388884,5.0,0.0,1.6428571428571428,1.549547966698322,5.0,0.0,2.1666666666666665,1.782739722881675,6.0,0.0,0.875,0.0,27.5,29,26,0,3,0,0,0.0,0.0,0,0.0,0.0,0.0,1,1
4701098,2025-08-21,福荫韧豆腐380g,1.0,5.99,5.300884956,0.0,5.99,0.0,5.99,1.0,3,8,0,0,3,2025,232,2.0,2.0,0.0,1.0,1.0,2.2857142857142856,1.380131118684711,5.0,1.0,1.6428571428571428,1.549547966698322,5.0,0.0,2.1666666666666665,1.782739722881675,6.0,0.0,1.2857142857142856,0.0,27.0,29,25,0,4,0,0,0.0,0.0,0,0.0,0.0,0.0,1,1
4701098,2025-08-22,福荫韧豆腐380g,1.0,5.99,5.300884956,0.0,5.99,0.0,5.99,1.0,4,8,0,0,3,2025,233,1.0,1.0,2.0,0.0,4.0,2.142857142857143,1.4638501094228022,5.0,1.0,1.7142857142857142,1.489892687336985,5.0,0.0,2.066666666666667,1.760355241055806,6.0,0.0,0.6666666666666665,2.0,29.0,32,26,0,6,0,0,0.0,1.0,0,0.0,0.0,0.0,1,1
4701098,2025-08-23,福荫韧豆腐380g,2.0,11.98,10.601769912,0.0,5.99,0.0,5.99,1.0,5,8,1,0,3,2025,234,1.0,2.0,5.0,2.0,0.0,1.7142857142857142,0.7559289460184594,3.0,1.0,1.7142857142857142,1.489892687336985,5.0,0.0,2.1333333333333333,1.7167196733251504,6.0,0.0,0.0,5.0,28.5,31,26,0,5,0,1,0.0,1.0,2,2.0,0.0,0.0,1,0
4701098,2025-08-24,福荫韧豆腐380g,10.0,59.900000000000006,42.389380532000004,12.0,5.99,1.0,4.790000000000001,0.7996661101836394,6,8,1,0,3,2025,235,2.0,1.0,3.0,4.0,4.0,2.7142857142857144,3.2513733362117274,10.0,1.0,2.142857142857143,2.6269942712345045,10.0,0.0,2.3333333333333335,2.2180036586726044,10.0,0.0,0.7272727272727273,3.0,27.0,29,25,0,4,0,1,1.0,0.0,2,12.505219206680584,0.0,0.0,1,0
4701098,2025-08-25,福荫韧豆腐380g,1.0,5.99,5.300884956,0.0,5.99,0.0,5.99,1.0,0,8,0,1,3,2025,236,10.0,1.0,2.0,1.0,5.0,2.5714285714285716,3.309438162646488,10.0,1.0,2.142857142857143,2.6269942712345045,10.0,0.0,2.2,2.171921126401773,10.0,0.0,0.5000000000000002,2.0,27.0,29,25,0,4,0,0,1.0,0.0,0,0.0,1.0,0.0,1,1
4701098,2025-08-26,福荫韧豆腐380g,3.0,17.97,15.902654867999999,0.0,5.989999999999999,0.0,5.989999999999999,1.0,1,8,0,1,3,2025,237,1.0,2.0,1.0,0.0,5.0,2.857142857142857,3.2366943748507495,10.0,1.0,2.357142857142857,2.560262692565952,10.0,0.0,2.1333333333333333,2.1129050655654065,10.0,0.0,0.5384615384615385,1.0,28.0,31,25,0,6,0,0,0.0,0.0,0,0.0,3.0,0.0,1,1
4701098,2025-08-27,福荫韧豆腐380g,4.0,23.96,21.203539824,0.0,5.99,0.0,5.99,1.0,2,8,0,1,3,2025,238,3.0,10.0,2.0,0.0,2.0,3.142857142857143,3.2366943748507495,10.0,1.0,2.642857142857143,2.499450489058095,10.0,0.0,2.2,2.139932322487696,10.0,0.0,0.4666666666666668,2.0,27.5,31,24,0,7,0,0,0.0,0.0,0,0.0,4.0,0.0,1,1
4701098,2025-08-28,福荫韧豆腐380g,2.0,11.98,10.601769912,0.0,5.99,0.0,5.99,1.0,3,8,0,1,3,2025,239,4.0,1.0,1.0,0.0,1.0,3.2857142857142856,3.147183169877774,10.0,1.0,2.7857142857142856,2.3916062008157244,10.0,1.0,2.2333333333333334,2.128352662852485,10.0,0.0,0.4375,1.0,27.5,29,26,0,3,0,0,0.0,0.0,0,0.0,2.0,0.0,1,1
4701098,2025-08-29,福荫韧豆腐380g,0.0,0.0,,,5.990000000000002,0.0,,0.0,4,8,0,1,3,2025,240,2.0,3.0,1.0,2.0,1.0,3.142857142857143,3.287784027201881,10.0,0.0,2.642857142857143,2.499450489058095,10.0,0.0,2.2,2.1559860533104023,10.0,0.0,0.4666666666666668,1.0,30.5,33,28,0,5,0,0,0.0,1.0,0,0.0,0.0,0.0,2,1
4701098,2025-08-30,福荫韧豆腐380g,1.0,5.99,5.300884956,0.0,5.99,0.0,5.99,1.0,5,8,1,1,3,2025,241,0.0,4.0,2.0,5.0,1.0,3.0,3.3665016461206942,10.0,0.0,2.357142857142857,2.437121342805984,10.0,0.0,2.2,2.1559860533104023,10.0,0.0,0.75,2.0,30.0,33,27,0,6,0,1,0.0,1.0,2,1.0,1.0,0.0,1,0
4701098,2025-08-31,福荫韧豆腐380g,1.0,5.99,5.300884956,0.0,5.99,0.0,5.99,1.0,6,8,1,1,3,2025,242,1.0,2.0,10.0,3.0,2.0,1.7142857142857142,1.3801311186847116,4.0,0.0,2.2142857142857144,2.4550911444328354,10.0,0.0,2.1666666666666665,2.166887698716889,10.0,0.0,-0.368421052631579,10.0,29.0,32,26,0,6,0,1,1.0,0.0,2,1.0,1.0,0.0,1,0
4701098,2025-09-01,福荫韧豆腐380g,0.0,0.0,,,5.990000000000002,0.0,,0.0,0,9,0,0,3,2025,243,1.0,0.0,1.0,2.0,4.0,1.5714285714285714,1.5118578920369117,4.0,0.0,2.0714285714285716,2.5256921584232868,10.0,0.0,2.033333333333333,2.1732437750393134,10.0,0.0,-0.38888888888888895,1.0,30.0,34,26,0,8,0,0,1.0,0.0,0,0.0,0.0,0.0,1,1
4701098,2025-09-02,福荫韧豆腐380g,3.0,17.97,15.902654867999999,0.0,5.989999999999999,0.0,5.989999999999999,1.0,1,9,0,0,3,2025,244,0.0,1.0,3.0,1.0,0.0,1.5714285714285714,1.5118578920369117,4.0,0.0,2.2142857142857144,2.516975334635768,10.0,0.0,2.1333333333333333,2.1452969143162237,10.0,0.0,-0.45000000000000007,3.0,29.5,33,26,0,7,0,0,0.0,0.0,0,0.0,0.0,0.0,1,1
4701098,2025-09-03,福荫韧豆腐380g,1.0,5.99,5.300884956,0.0,5.99,0.0,5.99,1.0,2,9,0,0,3,2025,245,3.0,1.0,4.0,2.0,3.0,1.1428571428571428,1.0690449676497011,3.0,0.0,2.142857142857143,2.537628901072897,10.0,0.0,2.066666666666667,2.1485092399203194,10.0,0.0,-0.6363636363636364,4.0,30.5,34,27,0,7,0,0,0.0,0.0,0,0.0,0.0,0.0,2,1
4701098,2025-09-04,福荫韧豆腐380g,1.0,5.99,5.300884956,0.0,5.99,0.0,5.99,1.0,3,9,0,0,3,2025,246,1.0,0.0,2.0,1.0,6.0,1.0,1.0000000000000038,3.0,0.0,2.142857142857143,2.537628901072897,10.0,0.0,1.9,2.0231419743250503,10.0,0.0,-0.6956521739130435,2.0,30.5,34,27,0,7,0,0,0.0,0.0,0,0.0,0.0,0.0,2,1
4701098,2025-09-05,福荫韧豆腐380g,3.0,17.97,15.902654867999999,0.0,5.989999999999999,0.0,5.989999999999999,1.0,4,9,0,0,3,2025,247,1.0,3.0,0.0,1.0,3.0,1.4285714285714286,1.1338934190276855,3.0,0.0,2.2857142857142856,2.5246042013801637,10.0,0.0,1.9,2.0231419743250503,10.0,0.0,-0.5454545454545454,0.0,30.5,34,27,0,7,0,0,0.0,1.0,0,0.0,0.0,0.0,2,1
4701098,2025-09-06,福荫韧豆腐380g,3.0,17.97,15.902654867999999,0.0,5.989999999999999,0.0,5.989999999999999,1.0,5,9,1,0,3,2025,248,3.0,1.0,1.0,2.0,1.0,1.7142857142857142,1.253566341056021,3.0,0.0,2.357142857142857,2.5300393082122072,10.0,0.0,1.9666666666666666,2.0254132542705237,10.0,0.0,-0.4285714285714286,1.0,30.5,34,27,0,7,0,1,0.0,1.0,2,3.0,0.0,0.0,2,0
4701098,2025-09-07,福荫韧豆腐380g,2.0,11.98,10.601769912,0.0,5.99,0.0,5.99,1.0,6,9,1,0,3,2025,249,3.0,1.0,1.0,10.0,0.0,1.8571428571428572,1.2149857925879155,3.0,0.0,1.7857142857142858,1.2513728724621078,4.0,0.0,2.033333333333333,1.9910720268468325,10.0,0.0,0.08333333333333348,1.0,28.0,31,25,0,6,0,1,1.0,0.0,2,2.0,0.0,0.0,1,0
4701098,2025-09-08,福荫韧豆腐380g,2.0,11.98,10.601769912,0.0,5.99,0.0,5.99,1.0,0,9,0,0,3,2025,250,2.0,3.0,0.0,1.0,2.0,2.142857142857143,0.8997354108424426,3.0,1.0,1.8571428571428572,1.231455852429764,4.0,0.0,2.033333333333333,1.9910720268468325,10.0,0.0,0.36363636363636354,0.0,27.5,29,26,0,3,0,0,1.0,0.0,0,0.0,0.0,0.0,1,1
4701098,2025-09-09,福荫韧豆腐380g,2.0,11.98,10.601769912,0.0,5.99,0.0,5.99,1.0,1,9,0,0,3,2025,251,2.0,3.0,3.0,3.0,4.0,2.0,0.8164965809277317,3.0,1.0,1.7857142857142858,1.188313053066368,4.0,0.0,1.9666666666666666,1.9561280074701641,10.0,0.0,0.2727272727272727,3.0,28.5,31,26,0,5,0,0,0.0,0.0,0,0.0,0.0,0.0,1,1
4701098,2025-09-10,福荫韧豆腐380g,0.0,0.0,,,5.990000000000002,0.0,,0.0,2,9,0,0,3,2025,252,2.0,2.0,1.0,4.0,1.0,1.8571428571428572,1.0690449676497018,3.0,0.0,1.5,1.0919284281983377,3.0,0.0,1.9333333333333333,1.9815238534040398,10.0,0.0,0.6250000000000002,1.0,29.0,32,26,0,6,0,0,0.0,0.0,0,0.0,0.0,0.0,1,1
4701098,2025-09-11,福荫韧豆腐380g,1.0,5.99,5.300884956,0.0,5.99,0.0,5.99,1.0,3,9,0,0,3,2025,253,0.0,2.0,1.0,2.0,0.0,1.8571428571428572,1.0690449676497018,3.0,0.0,1.4285714285714286,1.0894095588038442,3.0,0.0,1.9666666666666666,1.9561280074701641,10.0,0.0,0.8571428571428572,1.0,29.5,33,26,0,7,0,0,0.0,0.0,0,0.0,0.0,0.0,1,1
4701098,2025-09-12,福荫韧豆腐380g,3.0,17.97,15.902654867999999,0.0,5.989999999999999,0.0,5.989999999999999,1.0,4,9,0,0,3,2025,254,1.0,2.0,3.0,0.0,0.0,1.8571428571428572,1.0690449676497018,3.0,0.0,1.6428571428571428,1.0818177620697815,3.0,0.0,2.066666666666667,1.928610958665603,10.0,0.0,0.30000000000000004,3.0,29.5,33,26,0,7,0,0,0.0,1.0,0,0.0,0.0,0.0,1,1
4701098,2025-09-13,福荫韧豆腐380g,0.0,0.0,,,5.990000000000002,0.0,,0.0,5,9,1,0,3,2025,255,3.0,0.0,3.0,1.0,0.0,1.4285714285714286,1.1338934190276855,3.0,0.0,1.5714285714285714,1.1578684470436789,3.0,0.0,2.066666666666667,1.928610958665603,10.0,0.0,-0.16666666666666663,3.0,30.0,34,26,0,8,0,1,0.0,1.0,2,0.0,0.0,0.0,1,0
4701098,2025-09-14,福荫韧豆腐380g,0.0,0.0,,,5.990000000000002,0.0,,0.0,6,9,1,0,3,2025,256,0.0,1.0,2.0,1.0,2.0,1.1428571428571428,1.2149857925879153,3.0,0.0,1.5,1.224744871391589,3.0,0.0,2.0,1.9652147377620697,10.0,0.0,-0.3846153846153847,2.0,29.5,33,26,0,7,0,1,1.0,0.0,2,0.0,0.0,0.0,1,0
4701098,2025-09-15,福荫韧豆腐380g,1.0,5.99,5.300884956,0.0,5.99,0.0,5.99,1.0,0,9,0,0,3,2025,257,0.0,3.0,2.0,0.0,5.0,1.0,1.1547005383792552,3.0,0.0,1.5714285714285714,1.1578684470436789,3.0,0.0,1.8666666666666667,1.8888663510036974,10.0,0.0,-0.5333333333333333,2.0,29.5,33,26,0,7,0,0,1.0,0.0,0,0.0,0.0,0.0,1,1
4701098,2025-09-16,福荫韧豆腐380g,1.0,5.99,5.300884956,0.0,5.99,0.0,5.99,1.0,1,9,0,0,3,2025,258,1.0,0.0,2.0,3.0,3.0,0.8571428571428571,1.0690449676497014,3.0,0.0,1.4285714285714286,1.0894095588038442,3.0,0.0,1.8,1.8827712516943997,10.0,0.0,-0.5714285714285714,2.0,29.5,33,26,0,7,0,0,0.0,0.0,0,0.0,0.0,0.0,1,1
4701098,2025-09-17,福荫韧豆腐380g,1.0,5.99,5.300884956,0.0,5.99,0.0,5.99,1.0,2,9,0,0,3,2025,259,1.0,0.0,0.0,1.0,2.0,1.0,1.000000000000004,3.0,0.0,1.4285714285714286,1.0894095588038442,3.0,0.0,1.7666666666666666,1.8879533405494835,10.0,0.0,-0.46153846153846156,0.0,30.5,33,28,0,5,0,0,0.0,0.0,0,0.0,0.0,0.0,2,1
4701098,2025-09-18,福荫韧豆腐380g,3.0,17.97,15.902654867999999,0.0,5.989999999999999,0.0,5.989999999999999,1.0,3,9,0,0,3,2025,260,1.0,1.0,1.0,1.0,1.0,1.2857142857142858,1.253566341056021,3.0,0.0,1.5714285714285714,1.1578684470436789,3.0,0.0,1.8333333333333333,1.8952451089472586,10.0,0.0,-0.3076923076923077,1.0,29.5,34,25,0,9,0,0,0.0,0.0,0,0.0,0.0,0.0,1,1
4701098,2025-09-19,福荫韧豆腐380g,2.0,11.98,9.327433628,1.44,5.99,1.0,5.2700000000000005,0.8797996661101837,4,9,0,0,3,2025,261,3.0,1.0,3.0,3.0,2.0,1.1428571428571428,1.0690449676497016,3.0,0.0,1.5,1.0919284281983377,3.0,0.0,1.8333333333333333,1.8952451089472586,10.0,0.0,-0.3846153846153847,3.0,27.0,30,24,0,6,0,0,0.0,1.0,0,0.0,0.0,0.0,1,1
4701098,2025-09-20,福荫韧豆腐380g,5.0,29.950000000000003,23.955752212,2.88,5.99,1.0,5.414000000000001,0.9038397328881469,5,9,1,0,3,2025,262,2.0,1.0,0.0,3.0,1.0,1.8571428571428572,1.6761634196950543,5.0,0.0,1.6428571428571428,1.3926810257774176,5.0,0.0,1.9666666666666666,1.9736773542933947,10.0,0.0,0.30000000000000004,0.0,26.0,28,24,0,4,0,1,0.0,1.0,2,5.531954192833395,0.0,0.0,1,0
4701098,2025-09-21,福荫韧豆腐380g,3.0,17.97,13.991150441999999,2.16,5.989999999999999,1.0,5.27,0.8797996661101837,6,9,1,0,3,2025,263,5.0,3.0,0.0,2.0,1.0,2.2857142857142856,1.4960264830861945,5.0,1.0,1.7142857142857142,1.4373357526806556,5.0,0.0,2.033333333333333,1.9736773542933947,10.0,0.0,1.0,0.0,27.5,30,25,0,5,0,1,1.0,0.0,2,3.4098671726755216,0.0,0.0,1,0
4701098,2025-09-22,福荫韧豆腐380g,12.0,71.88,63.610619471999996,0.0,5.989999999999999,0.0,5.989999999999999,1.0,0,9,0,0,3,2025,264,3.0,2.0,1.0,2.0,2.0,3.857142857142857,3.8483144114694974,12.0,1.0,2.4285714285714284,3.10617959048598,12.0,0.0,2.3666666666666667,2.6843522731632636,12.0,0.0,2.857142857142857,1.0,30.0,34,26,0,8,0,0,1.0,0.0,0,0.0,0.0,0.0,1,1
4701098,2025-09-23,福荫韧豆腐380g,0.0,0.0,,,5.990000000000002,0.0,,0.0,1,9,0,0,3,2025,265,12.0,5.0,1.0,2.0,10.0,3.7142857142857144,3.988077469754307,12.0,0.0,2.2857142857142856,3.1726856235583867,12.0,0.0,2.033333333333333,2.2966742571984735,12.0,0.0,3.333333333333334,1.0,29.0,34,24,0,10,0,0,0.0,0.0,0,0.0,0.0,0.0,1,1
4701098,2025-09-24,福荫韧豆腐380g,0.0,0.0,,,5.990000000000002,0.0,,0.0,2,9,0,0,3,2025,266,0.0,3.0,1.0,0.0,1.0,3.5714285714285716,4.117326918327104,12.0,0.0,2.2857142857142856,3.1726856235583867,12.0,0.0,2.0,2.319334030455205,12.0,0.0,2.5714285714285716,1.0,26.0,28,24,0,4,0,0,0.0,0.0,0,0.0,0.0,0.0,1,1
4701098,2025-09-25,福荫韧豆腐380g,4.0,23.96,21.203539824,0.0,5.99,0.0,5.99,1.0,3,9,0,1,3,2025,267,0.0,12.0,3.0,1.0,3.0,3.7142857142857144,4.111540089159039,12.0,0.0,2.5,3.180469244527389,12.0,0.0,2.033333333333333,2.3412836640190138,12.0,0.0,1.8888888888888888,3.0,27.5,29,26,0,3,0,0,0.0,0.0,0,0.0,4.0,0.0,1,1
4701098,2025-09-26,福荫韧豆腐380g,0.0,0.0,,,5.990000000000002,0.0,,0.0,4,9,0,1,3,2025,268,4.0,0.0,2.0,3.0,4.0,3.4285714285714284,4.314979445958883,12.0,0.0,2.2857142857142856,3.2446066830160682,12.0,0.0,1.9,2.3393190874917957,12.0,0.0,2.0,2.0,28.5,31,26,0,5,0,0,0.0,1.0,0,0.0,0.0,0.0,1,1
4701098,2025-09-27,福荫韧豆腐380g,1.0,5.99,5.300884956,0.0,5.99,0.0,5.99,1.0,5,9,1,1,3,2025,269,0.0,0.0,5.0,0.0,2.0,2.857142857142857,4.336994790119515,12.0,0.0,2.357142857142857,3.20113304116726,12.0,0.0,1.8666666666666667,2.3449628088122516,12.0,0.0,0.5384615384615385,5.0,29.5,32,27,0,5,0,1,0.0,0.0,1,1.0,1.0,0.0,1,0
4701098,2025-09-28,福荫韧豆腐380g,0.0,0.0,,,5.990000000000002,0.0,,0.0,6,9,1,1,3,2025,270,1.0,4.0,3.0,0.0,0.0,2.4285714285714284,4.4668088108157225,12.0,0.0,2.357142857142857,3.20113304116726,12.0,0.0,1.8666666666666667,2.3449628088122516,12.0,0.0,0.0625,3.0,29.5,32,27,0,5,0,0,1.0,0.0,0,0.0,0.0,0.0,1,1
4701098,2025-09-29,福荫韧豆腐380g,0.0,0.0,,,5.990000000000002,0.0,,0.0,0,9,0,1,3,2025,271,0.0,0.0,12.0,1.0,1.0,0.7142857142857143,1.4960264830861965,4.0,0.0,2.2857142857142856,3.2446066830160682,12.0,0.0,1.8333333333333333,2.3647312792341766,12.0,0.0,-0.8148148148148149,12.0,29.0,32,26,0,6,0,0,0.0,0.0,0,0.0,0.0,0.0,1,1
4701098,2025-09-30,福荫韧豆腐380g,3.0,17.97,15.902654867999999,0.0,5.989999999999999,0.0,5.989999999999999,1.0,1,9,0,1,3,2025,272,0.0,1.0,0.0,1.0,1.0,1.1428571428571428,1.6761634196950563,4.0,0.0,2.4285714285714284,3.2276279862435238,12.0,0.0,1.9,2.368616648507353,12.0,0.0,-0.6923076923076923,0.0,29.5,33,26,0,7,0,0,0.0,1.0,0,0.0,3.0,0.0,1,1
4701098,2025-10-01,福荫韧豆腐380g,1.0,5.99,5.300884956,0.0,5.99,0.0,5.99,1.0,2,10,0,0,4,2025,273,3.0,0.0,0.0,1.0,0.0,1.2857142857142858,1.6035674514745513,4.0,0.0,2.4285714285714284,3.2276279862435238,12.0,0.0,1.9333333333333333,2.347901973712046,12.0,0.0,-0.64,0.0,29.5,33,26,0,7,0,1,0.0,1.0,8,0.0,0.0,0.0,1,0
4701098,2025-10-02,福荫韧豆腐380g,2.0,11.98,10.601769912,0.0,5.99,0.0,5.99,1.0,3,10,0,0,4,2025,274,1.0,0.0,4.0,3.0,3.0,1.0,1.1547005383792583,3.0,0.0,2.357142857142857,3.2250734722016654,12.0,0.0,1.9,2.339319087491796,12.0,0.0,-0.7307692307692308,4.0,30.0,34,26,0,8,0,1,1.0,1.0,8,0.0,0.0,0.0,1,0
4701098,2025-10-03,福荫韧豆腐380g,2.0,11.98,10.601769912,0.0,5.99,0.0,5.99,1.0,4,10,0,0,4,2025,275,2.0,3.0,0.0,2.0,1.0,1.2857142857142858,1.1126972805283806,3.0,0.0,2.357142857142857,3.2250734722016654,12.0,0.0,1.9333333333333333,2.333169123942699,12.0,0.0,-0.625,0.0,30.0,34,26,0,8,0,1,1.0,1.0,8,0.0,0.0,0.0,1,0
4701098,2025-10-04,福荫韧豆腐380g,4.0,23.96,21.203539824,0.0,5.99,0.0,5.99,1.0,5,10,1,0,4,2025,276,2.0,1.0,1.0,5.0,1.0,1.7142857142857142,1.4960264830861965,4.0,0.0,2.2857142857142856,3.172685623558387,12.0,0.0,2.033333333333333,2.3559657706859154,12.0,0.0,-0.4,1.0,29.5,34,25,0,9,0,1,1.0,1.0,8,4.0,0.0,0.0,1,0
4701098,2025-10-05,福荫韧豆腐380g,5.0,29.950000000000003,26.50442478,0.0,5.99,0.0,5.99,1.0,6,10,1,0,4,2025,277,4.0,2.0,0.0,3.0,3.0,2.4285714285714284,1.7182493859684538,5.0,0.0,2.4285714285714284,3.251373336211727,12.0,0.0,2.1,2.4118958060642552,12.0,0.0,0.0,0.0,28.5,31,26,0,5,0,1,1.0,1.0,8,5.0,0.0,0.0,1,0
4701098,2025-10-06,福荫韧豆腐380g,5.0,29.950000000000003,26.50442478,0.0,5.99,0.0,5.99,1.0,0,10,0,0,4,2025,278,5.0,2.0,0.0,12.0,3.0,3.142857142857143,1.5735915849388915,5.0,1.0,1.9285714285714286,1.9400351192017808,5.0,0.0,2.1666666666666665,2.4646932149211107,12.0,0.0,3.3999999999999995,0.0,29.0,33,25,0,8,0,1,1.0,1.0,8,0.0,0.0,0.0,1,0
4701098,2025-10-07,福荫韧豆腐380g,1.0,5.99,5.300884956,0.0,5.99,0.0,5.99,1.0,1,10,0,0,4,2025,279,5.0,4.0,3.0,0.0,2.0,2.857142857142857,1.7728105208558411,5.0,1.0,2.0,1.8810798862519216,5.0,0.0,2.1333333333333333,2.4737704480984197,12.0,0.0,1.5,3.0,30.0,34,26,0,8,0,1,1.0,1.0,8,0.0,0.0,0.0,1,0
4701098,2025-10-08,福荫韧豆腐380g,3.0,17.97,15.902654867999999,0.0,5.989999999999999,0.0,5.989999999999999,1.0,2,10,0,0,4,2025,280,1.0,5.0,1.0,0.0,2.0,3.142857142857143,1.5735915849388913,5.0,1.0,2.2142857142857144,1.805060042835629,5.0,0.0,2.1666666666666665,2.4786444200246915,12.0,0.0,1.4444444444444442,1.0,30.0,34,26,0,8,0,1,1.0,0.0,8,0.0,0.0,0.0,1,0
4701098,2025-10-09,福荫韧豆腐380g,0.0,0.0,,,5.990000000000002,0.0,,0.0,3,10,0,0,4,2025,281,3.0,5.0,2.0,4.0,2.0,2.857142857142857,1.9518001458970704,5.0,0.0,1.9285714285714286,1.8171950369175582,5.0,0.0,2.1,2.5099800796022267,12.0,0.0,1.8571428571428572,2.0,30.0,34,26,0,8,0,0,1.0,0.0,0,0.0,0.0,0.0,1,1
4701098,2025-10-10,福荫韧豆腐380g,0.0,0.0,,,5.990000000000002,0.0,,0.0,4,10,0,0,4,2025,282,0.0,1.0,2.0,0.0,0.0,2.5714285714285716,2.225394561056751,5.0,0.0,1.9285714285714286,1.8171950369175582,5.0,0.0,2.1,2.5099800796022267,12.0,0.0,1.0,2.0,30.0,34,26,0,8,0,0,0.0,0.0,0,0.0,0.0,0.0,1,1
4701098,2025-10-11,福荫韧豆腐380g,2.0,11.98,10.601769912,0.0,5.99,0.0,5.99,1.0,5,10,1,0,4,2025,283,0.0,3.0,4.0,1.0,1.0,2.2857142857142856,2.138089935299399,5.0,0.0,2.0,1.7974340685458352,5.0,0.0,2.1333333333333333,2.5014938065819425,12.0,0.0,0.33333333333333326,4.0,29.0,32,26,0,6,0,0,0.0,1.0,0,2.0,0.0,0.0,1,1
4701098,2025-10-12,福荫韧豆腐380g,4.0,23.96,21.203539824,0.0,5.99,0.0,5.99,1.0,6,10,1,0,4,2025,284,2.0,0.0,5.0,0.0,3.0,2.142857142857143,1.9518001458970706,5.0,0.0,2.2857142857142856,1.7728105208558378,5.0,0.0,2.1666666666666665,2.5200346649686547,12.0,0.0,-0.11764705882352933,5.0,28.0,31,25,0,6,0,1,0.0,0.0,1,4.0,0.0,0.0,1,0
4701098,2025-10-13,福荫韧豆腐380g,2.0,11.98,10.601769912,0.0,5.99,0.0,5.99,1.0,0,10,0,0,4,2025,285,4.0,0.0,5.0,0.0,0.0,1.7142857142857142,1.496026483086197,4.0,0.0,2.4285714285714284,1.6508406117111154,5.0,0.0,2.2333333333333334,2.48697757755561,12.0,0.0,-0.4545454545454546,5.0,28.5,31,26,0,5,0,0,1.0,0.0,0,0.0,0.0,0.0,1,1
4701098,2025-10-14,福荫韧豆腐380g,3.0,17.97,15.902654867999999,0.0,5.989999999999999,0.0,5.989999999999999,1.0,1,10,0,0,4,2025,286,2.0,2.0,1.0,3.0,0.0,2.0,1.5275252316519523,4.0,0.0,2.4285714285714284,1.6508406117111154,5.0,0.0,2.3333333333333335,2.454177765718516,12.0,0.0,-0.30000000000000004,1.0,29.0,32,26,0,6,0,0,0.0,0.0,0,0.0,0.0,0.0,1,1
4701098,2025-10-15,福荫韧豆腐380g,3.0,17.97,15.902654867999999,0.0,5.989999999999999,0.0,5.989999999999999,1.0,2,10,0,0,4,2025,287,3.0,4.0,3.0,1.0,1.0,2.0,1.5275252316519523,4.0,0.0,2.5714285714285716,1.6035674514745477,5.0,0.0,2.4,2.443852244531868,12.0,0.0,-0.36363636363636365,3.0,29.5,33,26,0,7,0,0,0.0,0.0,0,0.0,0.0,0.0,1,1
4701098,2025-10-16,福荫韧豆腐380g,0.0,0.0,,,5.990000000000002,0.0,,0.0,3,10,0,0,4,2025,288,3.0,2.0,0.0,2.0,1.0,2.0,1.527525231651952,4.0,0.0,2.4285714285714284,1.741541567969894,5.0,0.0,2.3666666666666667,2.470283151902776,12.0,0.0,-0.30000000000000004,0.0,29.5,33,26,0,7,0,0,0.0,0.0,0,0.0,0.0,0.0,1,1
4701098,2025-10-17,福荫韧豆腐380g,2.0,11.98,10.601769912,0.0,5.99,0.0,5.99,1.0,4,10,0,0,4,2025,289,0.0,3.0,0.0,2.0,1.0,2.2857142857142856,1.253566341056024,4.0,0.0,2.4285714285714284,1.741541567969894,5.0,0.0,2.4,2.457921746180059,12.0,0.0,-0.11111111111111127,0.0,29.5,33,26,0,7,0,0,0.0,1.0,0,0.0,0.0,0.0,1,1
4701098,2025-10-18,福荫韧豆腐380g,2.0,11.98,10.601769912,0.0,5.99,0.0,5.99,1.0,5,10,1,0,4,2025,290,2.0,3.0,2.0,4.0,3.0,2.2857142857142856,1.253566341056024,4.0,0.0,2.2857142857142856,1.6837947722821922,5.0,0.0,2.3666666666666667,2.4562844569254056,12.0,0.0,0.0,2.0,30.0,34,26,0,8,0,1,0.0,1.0,2,2.0,0.0,0.0,1,0
4701098,2025-10-19,福荫韧豆腐380g,3.0,17.97,15.902654867999999,0.0,5.989999999999999,0.0,5.989999999999999,1.0,6,10,1,0,4,2025,291,2.0,0.0,4.0,5.0,2.0,2.142857142857143,1.0690449676497054,3.0,0.0,2.142857142857143,1.5118578920369103,5.0,0.0,2.4,2.457921746180059,12.0,0.0,0.0,4.0,28.5,33,24,0,9,0,1,1.0,0.0,2,3.0,0.0,0.0,1,0
4701098,2025-10-20,福荫韧豆腐380g,2.0,11.98,9.327433628,1.44,5.99,1.0,5.2700000000000005,0.8797996661101837,0,10,0,0,4,2025,292,3.0,2.0,2.0,5.0,5.0,2.142857142857143,1.0690449676497054,3.0,0.0,1.9285714285714286,1.2688144505364503,4.0,0.0,2.3,2.409034718691715,12.0,0.0,0.25,2.0,24.0,29,19,0,10,0,0,1.0,0.0,0,0.0,0.0,0.0,1,1
4701098,2025-10-21,福荫韧豆腐380g,1.0,5.99,5.300884956,0.0,5.99,0.0,5.99,1.0,1,10,0,0,4,2025,293,2.0,2.0,3.0,1.0,3.0,1.8571428571428572,1.0690449676497054,3.0,0.0,1.9285714285714286,1.2688144505364503,4.0,0.0,2.2333333333333334,2.4166567578076688,12.0,0.0,-0.0714285714285714,3.0,19.5,22,17,0,5,0,0,0.0,0.0,0,0.0,0.0,0.0,0,1
4701098,2025-10-22,福荫韧豆腐380g,4.0,23.96,21.203539824,0.0,5.99,0.0,5.99,1.0,2,10,0,0,4,2025,294,1.0,3.0,3.0,3.0,12.0,2.0,1.290994448735812,4.0,0.0,2.0,1.3587324409735164,4.0,0.0,1.9666666666666666,1.6078113916950487,5.0,0.0,0.0,3.0,18.0,20,16,0,4,0,0,0.0,0.0,0,0.0,0.0,0.0,0,1
4701098,2025-10-23,福荫韧豆腐380g,6.0,35.94,31.805309735999998,0.0,5.989999999999999,0.0,5.989999999999999,1.0,3,10,0,0,4,2025,295,4.0,2.0,0.0,0.0,0.0,2.857142857142857,1.6761634196950561,6.0,1.0,2.4285714285714284,1.6035674514745477,6.0,0.0,2.1666666666666665,1.7237355852380882,6.0,0.0,0.4285714285714286,0.0,20.0,22,18,0,4,0,0,0.0,0.0,0,0.0,0.0,0.0,0,1
4701098,2025-10-24,福荫韧豆腐380g,4.0,23.96,21.203539824,0.0,5.99,0.0,5.99,1.0,4,10,0,0,4,2025,296,6.0,1.0,2.0,0.0,0.0,3.142857142857143,1.6761634196950561,6.0,1.0,2.7142857142857144,1.4898926873369855,6.0,0.0,2.3,1.7049623314678068,6.0,0.0,0.375,2.0,21.5,23,20,0,3,0,0,0.0,1.0,0,0.0,0.0,0.0,1,1
4701098,2025-10-25,福荫韧豆腐380g,3.0,17.97,15.902654867999999,0.0,5.989999999999999,0.0,5.989999999999999,1.0,5,10,1,1,4,2025,297,4.0,4.0,2.0,2.0,4.0,3.2857142857142856,1.603567451474551,6.0,1.0,2.7857142857142856,1.4769288003552123,6.0,0.0,2.2666666666666666,1.6801751413906612,6.0,0.0,0.4375,2.0,24.5,28,21,0,7,0,1,0.0,1.0,2,3.0,3.0,0.0,1,0
4701098,2025-10-26,福荫韧豆腐380g,2.0,11.98,10.601769912,0.0,5.99,0.0,5.99,1.0,6,10,1,1,4,2025,298,3.0,6.0,3.0,4.0,0.0,3.142857142857143,1.6761634196950561,6.0,1.0,2.642857142857143,1.4468609447374678,6.0,0.0,2.3333333333333335,1.625939162736276,6.0,0.0,0.4666666666666668,3.0,25.5,29,22,0,7,0,1,1.0,0.0,2,2.0,2.0,0.0,1,0
4701098,2025-10-27,福荫韧豆腐380g,0.0,0.0,,,5.990000000000002,0.0,,0.0,0,10,0,1,4,2025,299,2.0,4.0,2.0,2.0,1.0,2.857142857142857,2.0354009783964337,6.0,0.0,2.5,1.605279750362248,6.0,0.0,2.3,1.6640208884630572,6.0,0.0,0.3333333333333335,2.0,24.0,26,22,0,4,0,0,1.0,0.0,0,0.0,0.0,0.0,1,1
4701098,2025-10-28,福荫韧豆腐380g,2.0,11.98,10.601769912,0.0,5.99,0.0,5.99,1.0,1,10,0,1,4,2025,300,0.0,3.0,1.0,3.0,0.0,3.0,1.9148542155126804,6.0,0.0,2.4285714285714284,1.6035674514745477,6.0,0.0,2.3666666666666667,1.607811391695049,6.0,0.0,0.6153846153846154,1.0,23.5,26,21,0,5,0,0,0.0,0.0,0,0.0,2.0,0.0,1,1
4701098,2025-10-29,福荫韧豆腐380g,1.0,5.99,5.300884956,0.0,5.99,0.0,5.99,1.0,2,10,0,1,4,2025,301,2.0,2.0,4.0,3.0,0.0,2.5714285714285716,1.988059594776014,6.0,0.0,2.2857142857142856,1.6374732612530458,6.0,0.0,2.4,1.5668989800855402,6.0,0.0,0.2857142857142858,4.0,25.5,28,23,0,5,0,0,0.0,0.0,0,0.0,1.0,0.0,1,1
4701098,2025-10-30,福荫韧豆腐380g,2.0,11.98,10.601769912,0.0,5.99,0.0,5.99,1.0,3,10,0,1,4,2025,302,1.0,0.0,6.0,0.0,3.0,2.0,1.2909944487358125,4.0,0.0,2.4285714285714284,1.504571787498446,6.0,0.0,2.3666666666666667,1.5643293888377894,6.0,0.0,-0.30000000000000004,6.0,25.5,28,23,0,5,0,0,0.0,0.0,0,0.0,2.0,0.0,1,1
4701098,2025-10-31,福荫韧豆腐380g,1.0,5.99,5.300884956,0.0,5.99,0.0,5.99,1.0,4,10,0,1,4,2025,303,2.0,2.0,4.0,2.0,1.0,1.5714285714285714,0.9759000729485428,3.0,0.0,2.357142857142857,1.5495479666983225,6.0,0.0,2.3666666666666667,1.5643293888377892,6.0,0.0,-0.5,4.0,25.5,30,21,0,9,0,0,0.0,0.0,0,0.0,1.0,0.0,1,1
